/*
Navicat MySQL Data Transfer

Source Server         : local_mysql
Source Server Version : 50022
Source Host           : 127.0.0.1:3306
Source Database       : qntv

Target Server Type    : MYSQL
Target Server Version : 50022
File Encoding         : 65001

Date: 2016-09-08 01:34:39
*/

SET FOREIGN_KEY_CHECKS=0;

-- ----------------------------
-- Table structure for passwordclass
-- ----------------------------
DROP TABLE IF EXISTS `passwordclass`;
CREATE TABLE `passwordclass` (
  `pwdid` int(11) NOT NULL auto_increment,
  `pwdname` varchar(50) default NULL,
  PRIMARY KEY  (`pwdid`)
) ENGINE=InnoDB DEFAULT CHARSET=utf8;

-- ----------------------------
-- Records of passwordclass
-- ----------------------------
INSERT INTO `passwordclass` VALUES ('1', '你爸爸的名字是什么？');
INSERT INTO `passwordclass` VALUES ('2', '你妈妈的名字是什么？');
INSERT INTO `passwordclass` VALUES ('3', '你小学毕业学校是什么？');
INSERT INTO `passwordclass` VALUES ('4', '你初中毕业学校是什么？');
INSERT INTO `passwordclass` VALUES ('5', '你高中毕业学校是什么？');
INSERT INTO `passwordclass` VALUES ('6', '你大学毕业学校是什么？');
INSERT INTO `passwordclass` VALUES ('7', '你最好的朋友名字是什么？');
INSERT INTO `passwordclass` VALUES ('8', '你的生日是什么？');
INSERT INTO `passwordclass` VALUES ('9', '你爸爸的生日是什么？');
INSERT INTO `passwordclass` VALUES ('10', '你妈妈的生日是什么？');
INSERT INTO `passwordclass` VALUES ('11', '你最爱的人是谁？');
INSERT INTO `passwordclass` VALUES ('12', '你最大的的秘密是什么？');

-- ----------------------------
-- Table structure for user
-- ----------------------------
DROP TABLE IF EXISTS `user`;
CREATE TABLE `user` (
  `username` varchar(18) NOT NULL,
  `password` varchar(18) default NULL,
  `nickname` varchar(50) default NULL,
  `picturepath` varchar(100) default NULL,
  `birthday` date default NULL,
  `adress` varchar(255) default NULL,
  `phone` varchar(18) default NULL,
  `isadmin` int(11) default NULL,
  `score` int(11) default NULL,
  `pwdid` int(11) default NULL,
  `answer` varchar(255) default NULL,
  PRIMARY KEY  (`username`)
) ENGINE=InnoDB DEFAULT CHARSET=utf8;

-- ----------------------------
-- Records of user
-- ----------------------------
INSERT INTO `user` VALUES ('1439293823', '123456', '夜雨', '20150317002021_35244.jpg', '0000-00-00', '江苏省徐州市泉山区解放南路181号', '12573957220', '1', '395', '12', 'no');
INSERT INTO `user` VALUES ('admin', 'admin', '超级管理员', '20150317004024_346435.jpg', '0000-00-00', '江西省鄱阳县高家岭镇', '12979595923', '1', '840', '8', '1996-10-16');
INSERT INTO `user` VALUES ('coder', '123456', '码农_Coder', '20150317003334_53252.jpg', '0000-00-00', '广东省深圳市南山区西丽路289号', '19889891221', '0', '1', '8', '1989-1-1');
INSERT INTO `user` VALUES ('hezhao', '123456', '何钊', '20150315224334_355.jpg', '0000-00-00', '江苏省徐州市泉山区解放南路181号', '13759257982', '0', '339', '8', '1996-10-16');
INSERT INTO `user` VALUES ('jbit', 'bdqn', '混了这么多年', '20150317003560_4352.jpg', '0000-00-00', '上海市青浦区', '19829432719', '0', '4', '8', '1983-1-1');
INSERT INTO `user` VALUES ('lihaohao', '123456', '李浩浩', '20150317003547_32793.jpg', '0000-00-00', '江苏省徐州市泉山区解放南路181号', '13180410500', '0', '306', '8', '1995-5-5');
INSERT INTO `user` VALUES ('sa', 'ok', '给我一支烟', '20150317002634_3535.jpg', '0000-00-00', '江西省鄱阳县高家岭镇', '18718183918', '1', '800', '8', '1996-10-16');
INSERT INTO `user` VALUES ('sunyongjie', '123456', '孙永杰', '20150317003647_27849.jpg', '0000-00-00', '江苏省徐州市泉山区解放南路181号', '13718499402', '0', '200', '8', '1994-4-4');
INSERT INTO `user` VALUES ('xiaoqiang', '999999', '帅的被人砍', '20150317003432_436523.png', '0000-00-00', '中国江苏省徐州市泉山区解放南路181号', '12124987989', '0', '6', '9', '1968-07-02');

-- ----------------------------
-- Table structure for usercollect
-- ----------------------------
DROP TABLE IF EXISTS `usercollect`;
CREATE TABLE `usercollect` (
  `collectid` int(11) NOT NULL auto_increment,
  `username` varchar(18) default NULL,
  `videoid` int(11) default NULL,
  `collectdate` datetime default NULL,
  PRIMARY KEY  (`collectid`)
) ENGINE=InnoDB DEFAULT CHARSET=utf8;

-- ----------------------------
-- Records of usercollect
-- ----------------------------
INSERT INTO `usercollect` VALUES ('24', '1439293823', '30', '2015-03-09 00:00:00');
INSERT INTO `usercollect` VALUES ('25', '1439293823', '31', '2015-02-23 00:00:00');
INSERT INTO `usercollect` VALUES ('26', 'hezhao', '40', '2011-01-01 00:00:00');
INSERT INTO `usercollect` VALUES ('27', 'hezhao', '42', '2011-01-01 00:00:00');
INSERT INTO `usercollect` VALUES ('28', 'hezhao', '43', '2011-01-01 00:00:00');
INSERT INTO `usercollect` VALUES ('29', 'hezhao', '44', '2011-01-01 00:00:00');
INSERT INTO `usercollect` VALUES ('30', 'hezhao', '46', '2011-01-01 00:00:00');
INSERT INTO `usercollect` VALUES ('31', 'hezhao', '47', '2011-01-01 00:00:00');
INSERT INTO `usercollect` VALUES ('32', 'hezhao', '48', '2011-01-01 00:00:00');
INSERT INTO `usercollect` VALUES ('1053', 'xiaoqiang', '25', '2015-03-16 16:48:29');
INSERT INTO `usercollect` VALUES ('1054', 'xiaoqiang', '30', '2015-03-16 17:53:20');
INSERT INTO `usercollect` VALUES ('1055', 'xiaoqiang', '46', '2015-03-16 17:53:36');
INSERT INTO `usercollect` VALUES ('1069', 'lihaohao', '40', '2015-03-18 02:26:08');
INSERT INTO `usercollect` VALUES ('1100', 'admin', '31', '2015-03-18 18:24:34');
INSERT INTO `usercollect` VALUES ('1101', 'admin', '28', '2015-03-18 18:25:10');
INSERT INTO `usercollect` VALUES ('1102', 'admin', '26', '2015-03-18 18:55:01');
INSERT INTO `usercollect` VALUES ('1103', 'admin', '2', '2015-03-18 18:55:22');
INSERT INTO `usercollect` VALUES ('1104', 'admin', '3', '2015-03-18 18:55:39');
INSERT INTO `usercollect` VALUES ('1105', 'admin', '4', '2015-03-18 18:55:53');
INSERT INTO `usercollect` VALUES ('1106', 'admin', '7', '2015-03-18 18:56:13');
INSERT INTO `usercollect` VALUES ('1107', 'admin', '8', '2015-03-18 18:56:24');
INSERT INTO `usercollect` VALUES ('1108', 'admin', '9', '2015-03-18 18:56:36');
INSERT INTO `usercollect` VALUES ('1109', 'admin', '10', '2015-03-18 18:56:48');
INSERT INTO `usercollect` VALUES ('1110', 'admin', '13', '2015-03-18 18:57:04');
INSERT INTO `usercollect` VALUES ('1111', 'admin', '16', '2015-03-18 18:57:11');
INSERT INTO `usercollect` VALUES ('1112', 'admin', '30', '2015-03-18 18:57:46');
INSERT INTO `usercollect` VALUES ('1113', 'admin', '40', '2015-03-18 18:57:53');
INSERT INTO `usercollect` VALUES ('1114', 'admin', '44', '2015-03-18 18:58:01');
INSERT INTO `usercollect` VALUES ('1115', 'admin', '43', '2015-03-18 19:00:15');
INSERT INTO `usercollect` VALUES ('1116', 'admin', '48', '2015-03-18 19:00:22');
INSERT INTO `usercollect` VALUES ('1117', 'admin', '29', '2015-03-18 19:00:38');
INSERT INTO `usercollect` VALUES ('1118', 'admin', '42', '2015-03-18 19:00:42');
INSERT INTO `usercollect` VALUES ('1119', 'admin', '49', '2015-03-18 19:00:47');
INSERT INTO `usercollect` VALUES ('1120', 'admin', '57', '2015-03-18 19:00:54');
INSERT INTO `usercollect` VALUES ('1121', 'admin', '50', '2015-03-18 19:00:59');
INSERT INTO `usercollect` VALUES ('1122', 'admin', '36', '2015-03-18 19:01:15');

-- ----------------------------
-- Table structure for video
-- ----------------------------
DROP TABLE IF EXISTS `video`;
CREATE TABLE `video` (
  `videoid` int(11) NOT NULL auto_increment,
  `videoname` varchar(100) NOT NULL,
  `videopath` varchar(100) NOT NULL,
  `picturepath` varchar(100) NOT NULL,
  `videoclassid` int(11) NOT NULL,
  `uploadname` varchar(18) NOT NULL,
  `createdate` datetime NOT NULL,
  `describe` varchar(10000) default NULL,
  `size` varchar(50) default NULL,
  `playcount` int(11) default NULL,
  `director` varchar(50) default NULL,
  `actor` varchar(100) default NULL,
  `zone` varchar(100) default NULL,
  `years` varchar(50) default NULL,
  `title` varchar(50) default NULL,
  PRIMARY KEY  (`videoid`)
) ENGINE=InnoDB DEFAULT CHARSET=utf8;

-- ----------------------------
-- Records of video
-- ----------------------------
INSERT INTO `video` VALUES ('2', '台北飘雪', '201503151328_13648.mp4', '20150308214111_91829.jpg', '3', 'admin', '2015-09-10 00:00:00', '影片改编自日本青春爱情小说，讲述了大陆女歌手五月(又名May,童瑶 饰和台湾青年小莫(陈柏霖 饰)之间的情感故事。\r\n五月由于突然失声，加之与制作人也是暗恋对象的阿雷(杨佑宁 饰)闹矛盾，愤而出走，来到陌生的菁桐古镇，所幸遇到小莫。热心的小莫帮助她找到了住处，并介绍在小餐馆打工，其间二人暗生情愫，互有好感。\r\n五月发现在古镇的老街上找到了快乐和安慰，同时嗓音也慢慢的好转，但是心依旧在别处，而小莫也慢慢明白了，一个人的故意失踪就是为了让别人来找。随... ', '600MB', '5000018', '\r\n霍建起', '\r\n杨佑宁、童瑶、陈柏霖', '台湾', '2012', '东京电影节入围作品,文艺气息扑面而来');
INSERT INTO `video` VALUES ('3', '澳门风云2', '201503151328_13648.mp4', '20150308214643_92018.jpg', '5', '1439293823', '2016-08-10 16:56:00', '2015年恭喜发财贺岁片,由周润发,张家辉,刘嘉玲,袁泉主演的<澳门风云2>,讲述的是魔术手石一坚与他的徒弟之间的事情,非常搞笑,而与D.O.A集团总裁\"仓井\"的周旋也非常精彩.', '600MB', '7500', '王晶', '周润发、张家辉、刘德华、刘嘉玲', '内地', '2015', '2015贺岁片，合家观看,恭喜发财');
INSERT INTO `video` VALUES ('4', '我的野蛮女友', '201503151328_13648.mp4', '20150308214945_82911.jpg', '4', '1439293823', '2016-09-04 00:00:00', '《我的野蛮女友》是根据韩国一部颇为流行的网络小说改编的，由全智贤与车太贤共同主演，一放映就引起了轰动，青年男女，纷纷涌向电影院，这部影片也成为韩片打入中国市场一块关键的敲门砖。是影片中的经典场景和台词都被影迷们津津乐道。该片一改过去韩片中女主人公温柔贤淑的形象，美丽的女主角却野蛮起来比男人还粗鲁残忍，这对民风保守的韩国来说是对社会文化的一个极大突破，并掀起一股“野蛮风”的热潮。', '600MB', '36', '郭在容', '全智贤,车太贤', '韩国', '2001', '回忆那触不可及的青春');
INSERT INTO `video` VALUES ('7', '匆匆那年', '201503151328_13648.mp4', '20150308224423_38291.jpg', '4', 'admin', '2014-03-01 00:00:00', '时光流转，曾经美好的青春时代有如一场不真实的梦。她充满躁动、喜悦、悲伤与愤慨，她是远离着社会现实尔虞我诈的青春懵懂，傻了傻气的纯真涂抹下最为亮丽耀眼的色彩。而今回首往事，即使如梦般虚幻，却又让人唏嘘不已，感慨万千。只因偶然的机缘，早已过了而立之年的陈寻（彭于晏饰）回想起那个曾经呼喊过千遍万遍的名字。遥远的学生时代，陈寻与让他心动的女孩方茴（倪妮饰），以及乔燃（魏晨饰）、林嘉茉（张子萱饰）、赵烨（郑恺饰）等一般死党行走在尘土飞扬的校园里。友情、爱情在诸多禁忌的年代里如野草般自由疯长，曾经那是他们所坚守笃定的一切，而这些又都被碾压得支离不堪。许下的誓言你还记得吗？　　本片根据九夜茴的同名小说改编。', '472MB', '8000005', '张一白', '彭于晏/魏晨/倪妮/陈赫/郑恺', '内地', '2014', '我们要互相亏欠,我们要藕断丝连');
INSERT INTO `video` VALUES ('8', '笑功震武林', '201503151328_13648.mp4', '20150308215023_738291.jpg', '2', '1439293823', '2012-02-03 00:00:00', '《笑功震武林》是由香港导演王晶执导拍摄的一部喜剧电影。影片主要讲述几大退隐江湖的武林高手共居某小镇，为了保卫当地居民，与各种错综复杂的黑暗势力展开激烈周旋的故事。', '600MB', '223', '王晶', '洪金宝,梁小龙,\r\n曾志伟,吴君如', '香港', '2012', '2014最具喜感电影，没有之一');
INSERT INTO `video` VALUES ('9', '澳门风云', '201503151328_13648.mp4', '20150308214521_85839.jpg', '5', 'admin', '2014-01-12 00:00:00', '闻名中外，曾担任美国赌场保安总顾问的魔术手石一坚（周润发 饰），终回流澳门退休，更宴请各方朋友到来庆祝生日宴。其中好友Benz哥奔驰（许绍雄 饰）与他的儿子小冷（谢霆锋 饰）以及外甥牛必胜牛牛（杜汶泽饰），更特别由香港来到澳门到贺。 翌日，大陆、香港以及澳门三地警方，竟不相约而同找上石一坚，希望他可以打击对付DOA组织集团的高先生（高虎 饰），但坚却以退休为由婉拒了事。\r\n\r\n而小冷同母异父的哥哥是中国公安安排在高先生的卧底，因为左眼假眼记录了洗黑钱的现场并被杀手知道是内鬼和追杀，他躲在小冷在香港的房子里时，把左眼掏出按在了一个比比熊的一只眼睛里。\r\n\r\n另一边厢，小冷竟与牛必胜一起找上门，希望坚哥收他俩为徙弟，坚哥虽欣赏小冷，但奈何经已退休，只好拒绝，但看在Benz哥份上，就招待他一夜。谁不知，当晚竟遇上了杀手（张晋 饰），杀手们不问原因直接追击小冷以及坚哥爱女阿彩（童菲饰）。期间虽有中国公安洛子雯（景甜 饰）相救，但阿彩终难逃一劫，被害至失忆。（阿彩失忆为坚哥刻意安排为将假眼送至公安手中）[2]\r\n\r\n明查暗访下才知道，幕后的黑手竟是高先生。事情又岂会是无缘无故发生，坚哥与小冷二人强强[6]联手，加上女公安洛子雯三人，布下奇谋妙计对付高先生，斗智斗力，誓要查个水落石出，将他绳之于法。[5]', '472MB', '605', '王晶', '周润发、谢霆锋、景甜、杜汶泽、高虎、童菲', '香港', '2014', '发哥重出江湖，大片风范，明星云集。');
INSERT INTO `video` VALUES ('10', '后会无期', '201503151328_13648.mp4', '20150308214823_82839.jpg', '3', 'admin', '2014-07-27 00:00:00', '在最东边一起长大的几个年轻人决定重新选择自己的前路。横跨大陆的自驾旅途上，那些传奇经历与际遇让他们有了各自不同的命运归宿。', '472MB', '45672', '韩寒', '冯绍峰/陈柏霖/钟汉良/王珞丹/陈乔恩/贾樟柯/袁泉/孔连顺/白客', '内地', '2014', '与韩寒一起踏上心灵之旅');
INSERT INTO `video` VALUES ('13', '猛龙过江', '201503151328_13648.mp4', '20150308231323_91812.jpg', '1', '1439293823', '1972-12-30 00:00:00', '《猛龙过江》是李小龙自编自导自演的一部功夫电影，被誉为影史上最为经典的功夫对战之一。影片由李小龙，苗可秀，罗礼士主演，于1972年12月30日正式上映。李小龙对中国电影业的贡献永不磨灭，《猛龙过江》打破全亚洲票房记录。', '472MB', '4464', '李小龙', '李小龙', '香港', '1972', '香港功夫片经典，永远的李小龙');
INSERT INTO `video` VALUES ('16', '午夜凶铃', '201503151328_13648.mp4', '20150308231812_21391.jpg', '8', 'admin', '1998-01-31 00:00:00', '四名学生看了录像，7天后死亡，这引起了记者浅川的注意。在经过一番调查后，浅川找到了那盒录像带，并且看了，她相信了看过录象带的人七天后就会死去，为了挽回自己的生命，为了了解事实的真相，她找到了她的前夫，高山龙司，并且拷贝了录像给他研究，通过录象带里隐藏的方言以及上面报纸的影象，他们找到了录像带的出处，在这时，浅川的儿子在不明力量的指示下看了录象，他们去了伊豆大岛，在那里了解到是一个有超能力的女孩用意念录下来的，其中都是女孩的怨愤，他们认为只要找到女孩的尸体就可以化解诅咒，他们在四名学生看录像的小屋下找到了那口井，找到了女孩的尸体。可是第二天龙司仍然死了，在龙司力量的提示下，浅川知道了可以真正解除诅咒的方法，就是将录像复制给别人看，为了救自己儿子她决定将录像给自己爸爸看......', '472MB', '127', '中田秀夫', '松岛菜菜子、真田广之,中谷美纪', '日本', '1998', '胆小勿入,请在白天观看!');
INSERT INTO `video` VALUES ('20', '两小无猜', '201503151328_13648.mp4', '20150308232523_28391.jpg', '18', 'admin', '2003-12-01 00:00:00', '《两小无猜》是一部法国电影，影片的骨子里包藏着浪漫主题，但表现方式却是自我毁灭式的恶作剧。摄影是出彩点，镜头调度极有想像力，制造了一种似乎魔幻的效果。经典老歌《玫瑰人生》在片中起了画龙点睛的作用，不仅说明了时代的变迁，而且反衬出影片的主题。这是导演的处女作。', '472MB', '50', '杨·塞谬尔', '杨·塞谬尔', '欧洲', '2003', '影片通过奇幻故事来说明两个人的缘分');
INSERT INTO `video` VALUES ('23', '全城通缉', '201503151328_13648.mp4', '20150308232912_1831.jpg', '12', '1439293823', '2014-01-01 00:00:00', '故事起于一桩凶案，凶手正是十年前被警方击毙的女人。十年前不曾发现的一则重要线索浮出水面，十年前的旧事与十年后的杀人到底存在什么关联？这一切又似乎回到原点。刘烨扮演的唐越被迫介入系列调查，牵扯出一段跨度长达10年的纠葛，他与赵文卓扮演的邵云峰又会发生怎样的故事，两个同样痛失所爱的男人，最终的对决，背后，关乎一个令人震惊的秘密，在生与死、爱与恨、正与邪、黑与白、善与恶、真相与谎言中发生大逆转……', '472MB', '922', '\r\n汪涛', '\r\n刘烨,赵文卓,秋瓷炫,古力娜扎', '内地', '2014', '事件逐渐升级,到底谁是凶手?');
INSERT INTO `video` VALUES ('24', '笔仙惊魂', '201503151328_13648.mp4', '20150308233212_13244.jpg', '13', 'admin', '2014-07-01 00:00:00', '《笔仙3》讲述了由江一燕出演的丽娜患病在医院治疗时，她总是惦念着自己\r\n\r\n有一个名叫小艾的女儿。可是，一直看管着小艾的爷爷奶奶却说，根本没有小艾这个人，为去看望女儿，她从医院逃出，回到阔别数年的家中想要领回女儿一同生活，奶奶却一口咬定根本没有小艾这个人，她根本没有女儿，丽娜在房子里寻找小艾的时候，却发现了一张小艾的照片，，当他赶下楼，却看到爷爷奶奶带着一个小女孩开车离去，路途中爷爷奶奶遭遇车祸去世，来不及说出那个深藏的秘密。\r\n\r\n丽娜母女搬进了爷爷留下的老宅，一系列恐怖的事情开始了，每天晚上总有一个小女孩数数和弹钢琴的声音，楼道里挂着一幅脸被烧伤的小女孩的画，她觉得一切恐怖来源于这幅画，于是她想法烧了这幅画。但是却引起了一系列更恐怖的事件。', '600MB', '109', '安兵基', '江一燕、焦俊艳、王龙华、董子健', '内地', '2014', '笔仙3归来,带你领略笔仙风采');
INSERT INTO `video` VALUES ('25', '二次曝光', '201503151328_13648.mp4', '20150308233343_28952.jpg', '9', '1439293823', '2015-03-11 21:37:33', ' 《二次曝光》（Double Xposure）是一部李玉执导，范冰冰、冯绍峰和霍思燕领衔主演的中国电影。影片讲述了一对青年恋人青梅竹马相依为命，却因种种意外而各自天涯，最终随着两桩疑点重重的杀人案件真相大白而重新走在一起的动人故事。\r\n\r\n《二次曝光》2011年下半年拍摄了3个多月，在广西溶洞、新疆胡杨林、天山雪峰、秦皇岛大海等地区14个城市取景。航拍、特技，还设计了两段偷情、三次奇案与四幕风月戏。', '600MB', '33', '李玉', '范冰冰，冯绍峰，霍思燕', '内地', '2012', '看范爷如何走出失恋阴影');
INSERT INTO `video` VALUES ('26', '绣春刀', '201503151328_13648.mp4', '20150308233646_834820.jpg', '7', 'admin', '2014-08-07 00:00:00', '明朝崇祯皇帝登基后，权倾天下的大太监魏忠贤被弹劾辞官\r\n，阉党覆灭。锦衣卫授命追捕阉党。锦衣卫卢剑星、沈炼、靳一川三人是结拜的兄弟，感情非常好。大哥卢剑星非常希望自己能够升到百户的职位，二哥沈炼暗恋着教坊司的女子周妙彤，三弟靳一川则有着不可告人的过去被人攒在手里。一天，内宫太监赵靖忠秘密找到三兄弟，要他们奉皇命去追杀要出京流放的大太监魏忠贤。一场追杀之后，三人带回了大太监魏忠贤的尸首，本以为凭此大功，三人的夙愿皆可实现。没想到这一切只不过是一个阴谋的开始，三人即将落入更加危险的境地。', '600MB', '7839', '路阳', '张震 ,刘诗诗、\r\n王千源', '内地', '2014', '2014最具诚意之作，工匠巨作');
INSERT INTO `video` VALUES ('28', '白发魔女传之明月天国', '201503151328_13648.mp4', '20150308234234_27249.jpg', '14', 'admin', '2014-02-05 00:00:00', '明朝末年，朝政腐败，奸臣当道，外族后金乘机崛起，战争一触即发。\r\n\r\n在西北边境，饥荒连绵，魔教妖女玉罗刹为救灾民，与拘杀灾民的官兵厮杀，却被官员嫁祸成杀害总督卓仲廉之凶手，霎时间玉罗刹（范冰冰 饰）及其魔教变成通缉目标。\r\n\r\n另一方面，名门武当派紫阳道长推举弟子卓一航（黄晓明 饰）为新任掌门，并带红丸入京进贡圣上。皇帝吃红丸后一命呜呼，朝廷锦衣卫全力捉拿卓一航。此时，卓已经离京到达西北，一次偶然救助饥民时见识玉罗刹狠辣……', '472MB', '9013030', '张之亮', '黄晓明、范冰冰、赵文卓、童瑶、王学兵', '内地', '2014', '爱在七夕，为情入魔');
INSERT INTO `video` VALUES ('29', '环太平洋', '201503151328_13648.mp4', '20150308234623_2891.jpg', '15', 'admin', '2013-01-04 00:00:00', '当被称为怪兽的外星怪物从海中势不可挡地冒出来时，它们带来的，是一场夺取百万生命和人类资源的战争。接连摧毁旧金山、马尼拉和墨西哥等城市后，怪兽数量与攻击次数越来越多。为了对抗怪兽的袭击，人类启动代号“机甲猎人”（Jaeger）的作战计划，亦即以“巨大神经元合体机械人”为地球设下防卫机制。\r\n两名驾驶员必须透过神经元合体，才能同步操纵巨大的机械人，一旦连结失败，就会引发大灾难，只是这群配备精良的机械人，却仍然挡不住汹涌袭来的残暴巨兽。\r\n驾驶员罗利（查理·汉纳姆饰）和哥哥杨希在一场怪兽作战中，哥哥不幸被怪兽吞噬，罗利因此意志消沉，逃离战斗前线。但随着怪兽威力越来越强大，攻击越来越频繁之际，机甲猎人数量也越来越少。罗利和来自日本的新人麻子（菊地凛子饰）必须驾驶老旧机甲猎人危险流浪者，担负起拯救全世界的重责大任，在面对怪兽威胁与两人各自伤痛记忆的过往，他们能够成功达成任务吗？', '600MB', '6000242', '吉尔莫·德尔·托罗', '查理·汉纳姆 / 菊地凛子 / 伊德瑞斯·艾尔巴', '美国', '2013', '震撼3D画面,看探险家如何环太平洋');
INSERT INTO `video` VALUES ('30', '一路有你', '201503151328_13648.mp4', '20150308234912_2841.jpg', '16', '1439293823', '2010-12-31 00:00:00', '在葵涌码头装卸区，货柜车司机许城亮（古天乐饰） 等载货北上，开 \r\n一路有你\r\n一路有你(24张)\r\n始一天的工作。 港穗高速公路旁有一间由小夫妻张谦和陆茵（黄奕饰） 打理的小餐馆。他们结婚两年，陆茵前两天到医院检查刚得知自己怀孕的消息，夫妻二人都很开心，这天张谦的餐馆已经打烊，但接到有司机要外卖的电话，想到为要出世的孩子多挣点奶粉钱，张谦仍旧答应了这一份生意，但就是这个举动，却改变了两人的命运，张谦送外卖的路上横穿马路，被许城亮开的货柜车连人带车撞到，许城亮倍感害怕，张谦血肉模糊的情况下仍祈求他打电话给老婆陆茵的眼神让他从此以后倍受噩梦的煎熬。', '472MB', '30', '赵崇基', '古天乐，莫文蔚，黄奕，印小天，陈西贝，梁大维', '香港', '2010', '一路上有你,苦一点也愿意');
INSERT INTO `video` VALUES ('31', '天将雄师', '201503151328_13648.mp4', '20150308235260_1839.jpg', '17', 'admin', '2015-03-25 00:00:00', '西汉汉元帝年间，西域都护府大都护霍安遭奸人陷害，沦为奴役，被刺配至雁门关修城。恰在此时，罗马将军卢魁斯护卫遭到哥哥迫害的罗马小王子逃命至雁门关。双雄在西域戈壁相遇，从开始的兵戎相见到惺惺相惜，最终化敌为友。一日，霍安为洗清自己冤屈四处追查时，无意间撞破了好兄弟殷破与罗马大王子提比斯不可告人的秘密。与此同时，提比斯为追杀卢魁斯与小王子一行人也亲自带兵赶来西域。为保护小王子和西域诸国的安危，霍安与卢魁斯联手与提比斯在戈壁大漠展开了一场生死之战。', '600MB', '4006', '李仁港', '成龙，约翰·库萨克，阿德里安·布劳迪，崔始源 ，林鹏，王若心，筷子兄弟，西蒙子，冯绍峰', '香港', '2015', '根据真实历史改编,重现丝绸之路');
INSERT INTO `video` VALUES ('34', '爸爸的假期', '201503151328_13648.mp4', '20150308235534_28579.jpg', '19', 'admin', '2015-02-19 00:00:00', '老郭（郭涛饰）、岳伦儿（王岳伦饰）、亮子（张亮饰）三个正 \r\n爸爸的假期 明星海报\r\n爸爸的假期 明星海报(5张)\r\n处于家庭和事业困境中的老公，趁老婆陪孩子们去夏令营期间，在田教练（田亮饰）的提议下前往韩国参加一个叫“帝王假期”的旅游项目，以寻求短暂的套利和释放。然而，在到达韩国后，美好的帝王假期却因为国际大盗JIMMY LIN（林志颖饰）的出现而险象环生，上演了一场惊险刺激又笑料百出的故事。', '600MB', '2222', '王岳伦', '郭涛，郭子睿，林志颖，小小志，张亮，张悦轩，王岳伦，王诗龄，田亮，成彬（韩国）', '内地', '2015', '爸爸去哪儿?NO，这是一个神奇的故事');
INSERT INTO `video` VALUES ('35', '蓝色骨头', '201503151328_13648.mp4', '20150308235737_289491.jpg', '20', '1439293823', '2014-10-17 00:00:00', '主人公钟华（尹昉饰演）是一个生活在都市中的网络写手，同时也是地下摇滚歌手和专业黑客，为了生计不得不帮音乐公司的老板做些“五毛党”的勾当，日子过得很宅，如果说有什么幸运的事儿，就是他勾搭上了一个没出名\r\n杜可风《蓝色骨头》片场照\r\n杜可风《蓝色骨头》片场照\r\n的小歌手萌萌（黄幻饰演），而不幸的是，那个小歌手却是老板的情人……对于性和爱情其实分的不很清楚的钟华为了“还债”答应音乐公司的老板尽力把小歌手捧红，而这时他接到了多年没有音讯的父亲发来的邮包，在邮包里竟然藏着一段在文革岁月中的凄婉故事……', '600MB', '25', '崔健', '赵有亮，倪虹洁，尹昉，黄轩，黄幻', '内地', '2014', '摇滚教父崔健的电影处女座');
INSERT INTO `video` VALUES ('36', '黄金时代', '201503151328_13648.mp4', '20150309000024_28491.jpg', '21', 'admin', '2014-10-01 00:00:00', '上世纪二十至四十年代的中国，那是一个民气十足、海阔天空的时代，一群年轻人经历了一段放任自流的时光，自由地追求梦想与爱情，有人在流离中刻骨求爱，有人在抗争中企盼家国未来。萧红，一个特立独行的女子，一路流亡，从北方到南方，从哈尔滨到香港，一边躲避战乱，一边经历着令人唏嘘又痛彻心扉的爱情与人生。对生的坚强对死的挣扎在她笔下穿透纸背，她的人生亦是如此。', '600MB', '1230', '许鞍华', '汤唯 / 冯绍峰 / 王志文 / 朱亚文 / 黄轩 / 郝蕾 / 袁泉 / 田原', '内地', '2014', '看萧红一生颠沛流离，重现民国文人风采');
INSERT INTO `video` VALUES ('40', '功夫', '201503151328_13648.mp4', '20150311173227_82193.jpg', '1', '1439293823', '2015-03-11 00:00:00', '1940年代的上海，自小受尽欺辱的街头混混阿星（周星驰）为了能出人头地，可谓窥见机会的缝隙就往里钻，今次他盯上行动日益猖獗的黑道势力“斧头帮”，想借之大名成就大业。\r\n\r\n阿星假冒“斧头帮”成员试图在一个叫“猪笼城寨”的地方对居民敲诈，不想引来真的“斧头帮”与“猪笼城寨”居民的恩怨。“猪笼城寨”原是藏龙卧虎之处，居民中有许多身怀绝技者（元华、梁小龙等），他们隐藏于此本是为远离江湖恩怨，不想麻烦自动上身，躲都躲不及。而在观战正邪两派的斗争中，阿星逐渐领悟功夫的真谛。', '600MB', '130', '周星驰', '\r\n周星驰、元秋、元华、黄圣依、梁小龙、田启文、林子聪', '香港', '2015', '周星驰的《功夫》经典重映');
INSERT INTO `video` VALUES ('42', '银河护卫队', '201503151328_13648.mp4', '20150311174420_82382.jpg', '1', 'admin', '2014-11-02 00:00:00', '自以为是的冒险家“星爵”彼得·奎尔（克里斯·帕拉特 Chris Pratt 饰）在偷走一块神秘球体后成为赏金猎人的头号目标，原来邪恶反派罗南对此物体垂涎已久。为了逃脱无休止的追杀，奎尔被迫和四个格格不入的乌合之众结成同盟——手持机枪的火箭浣熊（布莱德利·库珀 Bradley Cooper 配音）、树人格鲁特（范·迪塞尔 Vin Diesel 配音）、凶残神秘的卡魔拉（佐伊·索尔达娜 Zoe Saldana 饰），以及复仇心切的毁灭者德拉克斯（戴夫·巴蒂斯塔 Dave Batista 饰）。然而当奎尔发现这颗球体蕴含的真...', '1000MB', '9030', '\r\n詹姆斯·冈', '\r\n克里斯·普拉特、佐伊·索尔达娜戴、夫·巴蒂斯塔', '美国', '2014', '克里帝国与新星军团的战争绵延千年');
INSERT INTO `video` VALUES ('43', '冰封：重生之门', '201503151328_13648.mp4', '20150311174852_32910.jpg', '1', '1439293823', '2014-07-12 00:00:00', '明朝嘉靖末年，锦衣卫贺英奉命从天竺运回无价之宝“时空金球”，他一心为朝廷却不想遭到了兄弟的突袭。老大元龙带着聂虎、萨獒前来捉拿，为的是一宗针对贺英的冤案。兄弟四人搏斗之时突然地动山摇，巨大的雪崩淹没了他们。可是醒来后，贺英发现自己居然已经到了400年后的香港，对现代社会一窍不通的他偶遇了夜店咖小美（黄圣依 饰），闹出了不少笑话，但在小美的帮助下贺英学会了使用高科技产品，逐渐变成了都市型男。正在二人感情升华的时候，“锦衣卫三人组”也穿越到了现代并且继续执行自己的使命，与此同时不明真相的警方也在捉拿贺英这个“特异功能”人士，贺英遭遇到了400年来最大的挑战。', '500MB', '200', '\r\n罗永昌', '\r\n甄子丹、王宝强、黄圣依、任达华、喻亢、林雪、张少华', '香港', '2013', '甄子丹与王宝强上演穿越之战');
INSERT INTO `video` VALUES ('44', '长江七号', '201503151328_13648.mp4', '20150311175709_1293.jpg', '2', '1439293823', '2007-02-01 00:00:00', '小狄（徐娇 饰）是一个在贵族学校念书的穷孩子。他诚实善良，却总是遭到富家子的欺负和嘲笑。小狄和爸爸（周星驰 饰）住在一所废弃的旧房子里，爸爸每天拼命的工作，就是为了让他念好书，将来出人头地。\r\n平日，小狄总是很乖，就算体育课因为没有运动鞋而被老师罚站，他也从不埋怨爸爸。可是这一次，为了一个大家都有的玩具，小狄跟爸爸发起脾气来。爸爸买不起，就在垃圾堆里捡了一个“球”给儿子玩。谁知，这个透明的小球却变成一只活泼可爱，拥有超能力的太空狗。小狄欣喜极若狂，给他取名叫“长江七号”。小狄梦想着用七仔的超能力考100分，却没想到七仔非但没有帮到他，却让他得了个零蛋。他偷偷修改了成绩单，跟爸爸说了一次谎。爸爸大怒，小狄离家出走，赌气要凭真本事考好成绩给爸爸看。谁知，正当小狄笑着，拿着成绩单的时候，工地发生事故，爸爸从楼上摔了下来…… ', '309MB', '987', '周星驰', '\r\n周星驰、徐娇、张雨绮、林子聪', '香港', '2007', '星爷科幻巨作');
INSERT INTO `video` VALUES ('46', '一生一世', '201503151328_13648.mp4', '20150311180219_8193.jpg', '4', 'admin', '2014-12-19 00:00:00', '北京，七十年代。年幼的安然（高圆圆 饰）和赵永远（谢霆锋 饰）来自不同的家庭，两人相似的遭遇却让他们成为了好朋友，无论春夏秋冬，永远每天都跟在安然身后保护着她。无奈小永远不得不跟随自己唯一的亲人南下生活，和安然分开。多年后在北京的秀水街，已是大学生的安然和在买卖服装的永远重遇，温暖过彼此童年的友谊迅速转化为炽烈的爱情，只是……这份情感能对抗命运的捉弄吗？\r\n纽约，九十年代。一个人来到美国的安然，每天都为理想打拼，工作学业两忙，常常感到孤独和迷茫。就在此时赵永远突然出现，平静的生活终被打破，两人从互相纠缠到难舍难分，他们发现无法割舍对彼此的感情…… 但试问谁又有勇气改变命运？谁又能想到接下来还有什么事情会发生…… ', '829MB', '56753', '\r\n邹佡', '\r\n谢霆锋、高圆圆、杜海涛、洛诗', '内地', '2014', '霆锋圆圆滚床单啦~');
INSERT INTO `video` VALUES ('47', '如梦', '201503151328_13648.mp4', '20150311180738_738491.jpg', '3', '1439293823', '2010-05-01 00:00:00', '迈克（吴彦祖 饰）是纽约一家安全软件公司的职员，他的猫死了，这令他非常不安，他来到神父面前祷告，但是依旧无法安睡。在梦中，迈克遇到了一个奇怪的女人艾玲（袁泉 饰），她失魂落魄，因为男朋友此前跳楼自杀，迈克试图劝慰她，却屡屡受挫。因为这个离奇的梦，迈克的脑海中反复萦绕艾玲。他决定去上海寻找她。一次偶然的机会，他在冲洗店得到了她的照片。按照这个线索，他来到了杭州，却因为邂逅了艾玲的双胞胎妹妹。原来，她们是孤儿，被分别寄养。迈克漠然回到了纽约，内心却充满了纠结，他从此陷入了一种茶饭不思的窘境，以至于公司伙伴也开始觉得心寒。他再次来到了上海，重新见到了那个艾玲的妹妹，然而当双方吐露心事的时候，他们的关系也发生了复杂的改变……', '500MB', '508', '罗卓瑶', '\r\n吴彦祖、袁泉', '台湾', '2010', '吴彦祖袁泉痴醉吻戏');
INSERT INTO `video` VALUES ('48', '赌侠2', '201503151328_13648.mp4', '20150311181548_838528.jpg', '5', '1439293823', '1997-01-01 00:00:00', '赌王被左颂星大胜之后，伙同众多与他一样具有特异功能的大师再与左决战，他们为求胜利，不顾一切地发功，不料影响了地球的磁场，于是他们回到了1937年的上海。当时正值丁力和川岛芳子等在争夺地盘，星仔帮助了丁力，但却喜爱上了他的女友……', '300MB', '33', '王晶', '\r\n周星驰、巩俐、向华强、吕良伟、吴孟达、龙方', '香港', '1997', '赌侠归来');
INSERT INTO `video` VALUES ('49', '超能陆战队', '201503151328_13648.mp4', '20150317004923_35223.png', '1', 'admin', '2015-04-04 00:00:00', '未来世界的超级都市旧京山（San Fransokyo），热爱发明创造的天才少年小宏，在哥哥泰迪的鼓励下参加了罗伯特·卡拉汉教授主持的理工学院机器人专业的入学大赛。他凭借神奇的微型磁力机器人赢得观众、参赛者以及考官的一致好评，谁知突如其来的灾难却将小宏的梦想和人生毁于一旦。大火烧毁了展示会场，而哥哥为了救出受困的卡拉汉教授命丧火场。身心饱受创伤的小宏闭门不出，哥哥生前留下的治疗型机器人大白则成为安慰他的唯一伙伴。原以为微型机器人也毁于火灾，谁知小宏和大白竟意外发现有人在某座废弃工厂内大批量地生产他的发明。 稍后哥哥的朋友们弗雷德等人也加入进来，他们穿上小宏发明的超级战士战斗装备，和怀有险恶阴谋的神秘对手展开较量……', '300MB', '237', '唐·霍尔 克里斯·威廉姆斯', '杰米.中', '美国', '2015', '超级好看的一部电影');
INSERT INTO `video` VALUES ('50', '木星上行', '201503151328_13648.mp4', '20150317004923_442244.jpg', '1', 'admin', '2015-01-01 00:00:00', '在遥远的未来，那时盛行各种基因改造，人类可以将动物基因与人类基因相结合而获得更强大的力量，而纯粹的人类反而变成社会底层。地球是宇宙中最强大的王朝阿布拉克斯工业在10万年前种下的一颗种子，三大继承者中最年长的巴勒姆（埃迪·雷德梅恩 Eddie Redmayne 饰）掌控着现在的地球，而此时的地球上出现了和阿布拉克斯王朝曾经的女皇有着相同基因的人，她是一位贫民女孩（米拉·库妮丝 Mila Kunis 饰）。巴勒姆为了自己的统治地位不被动摇，雇佣了赏金猎人（查宁·塔图姆 Channing Tatum 饰）前来追杀，可他却在这一过程中对自己的任务产生了怀疑，同时也与追杀目标暗生情愫。真相大白后，正统和心怀大义的女王带领地球上的斗士向拥有强大力量的巴勒姆发起了绝地反击。', '300MB', '102', '安迪·沃卓斯基 拉娜·沃卓斯基', '肖恩', '美国', '2015', '那时盛行各种基因改造');
INSERT INTO `video` VALUES ('54', '鸣梁海战', '201503151328_13648.mp4', '20150317004923_534424.jpg', '1', '1439293823', '2014-12-01 00:00:00', '1597年3月，以野蛮凶狠著称的日本海贼王（柳承龙饰演）所率领的海盗部队，大举侵朝，朝军毫无准备，遭到惨败。朝鲜王迫于形势，顺应民心重新任命一代名将李舜臣（崔岷植饰演）为三道水军统制使。而此时，当年扬威海上的威武水师，只剩下可怜的12艘军舰，众将对敌我形势极度悲观，纷纷表现出\"此战必败\"的情绪。李舜臣力排众议，命人焚毁军队辎重给养仓库，破 \r\n鸣梁海战 官方剧照\r\n鸣梁海战 官方剧照(20张)\r\n釜沉舟，以\"勇者生，畏者死\"的气概，号召部下与倭寇决一死战。[3] \r\n在鸣梁和珍岛碧波亭之间，有一水流湍急的海峡。李舜臣趁退潮时派人设置了铁索与木桩。大战当前，李舜臣身先士卒，亲率旗舰战船孤军迎战。一场恶战，击沉敌人指挥船和其它战船两艘。海贼王被杀，阵形大乱。这时已开始退潮，海水湍湍东流，朝鲜战船趁势猛攻，敌船招架不住，顺流东撤，但被铁索和木桩挡住去路。朝鲜战船抓住有利战机，奋力冲杀，击沉敌船三十余艘，毙敌4000余人，重创了日本舰队，创造了世界海战史上一次以少胜多的著名战役。', '300MB', '82', '金汉珉', '崔岷植，柳承龙，赵震雄，晋久', '韩国', '2014', '三道水军统制使李舜臣，刚直不阿防范倭寇');
INSERT INTO `video` VALUES ('55', '暴走神探', '201503151328_13648.mp4', '20150317004923_1313.jpg', '1', '1439293823', '2015-01-06 00:00:00', '故事背景发生在民国时期的上海法租界，阮经天饰演的警探范如一接指派，秘密保护富家女宋小乔（杨子姗饰）随着富家女的离奇失踪，范如一成为案件的最大嫌疑人，并在逃避追捕过程中结识了盲女慧兰（周冬雨饰）。随着剧情的发展，范如一与慧兰、小乔产生了一系列复杂而浪漫情感纠葛，最终真相浮出水面，而范如一则陷入了清白与爱情的艰难抉择。\r\n上海滩，十里洋场，租界林立，妖孽辈出，钱多人傻，浮华与罪恶并存，故名“冒险家乐园”，又名“魔都”。\r\n作为租界最聪明的一名“包打探”，范如一（阮经天饰）每天都要跟三教九流打交道，从中获取各式各样的查案信息，也因此深得老板信任。可直到有一天，在接手老板交代的一项绝密任务之后，各种意想不到的离奇事件接踵而至：军阀之女宋小乔（杨子姗饰）遭到绑架，少年小六惨死街头，贵族学校女学生、巡捕房同事等均被卷入其中且无一幸免，范如一试图阻止无辜者被杀，结果却连他自己也始料未及，所有凶案的“头号凶嫌”，竟然是他自己！', '300MB', '10', '罗卓瑶', '阮经天，周冬雨，杨子姗，杨洋', '内地', '2015', '终于慢慢接近真相，可真相却比他想象的残酷得多。');
INSERT INTO `video` VALUES ('57', '复仇者联盟', '201503151328_13648.mp4', '20150317004923_32355.jpg', '1', 'admin', '2012-03-05 00:00:00', '一股突如其来的强大邪恶势力对地球造成致命威胁，没有任何一个超级英雄能够单独抵挡。长期致力于保护全球安危的神盾局感到措手不及，其指挥官“独眼侠”尼克·弗瑞（塞缪尔·杰克逊 饰）意识到他必须创建一个“史上最强”的联盟组织，云集各方超级英雄一起发威，才能拯救世界于水深火热，抵御黑暗势力的侵袭。\r\n于是由六大超级英雄——钢铁侠（小罗伯特·唐尼 饰）、美国队长（克里斯·埃文斯 饰）、雷神（克里斯·海姆斯沃斯 饰）、绿巨人（马克·鲁弗洛 饰）、黑寡妇（斯嘉丽·约翰逊 饰）和鹰眼侠（杰瑞米·雷纳 饰）组成的 “复仇者联盟”应运而生。他们各显神通，团结一心，终于战胜了邪恶势力，保证了地球的安全。', '300MB', '101', '乔斯·韦登', '小罗伯特·唐尼，克里斯·埃文斯，克里斯·海姆斯沃斯，马克·鲁法洛，斯嘉丽·约翰逊，杰瑞米·雷纳', '美国', '2012', '六位超级英雄集结在一起，成立了“复仇者联盟”');
INSERT INTO `video` VALUES ('60', '心花路放', '201503151328_13648.mp4', '20150317014123_6345.jpg', '2', 'admin', '2014-10-01 00:00:00', '影片《心花路放》由宁浩之妻知名编剧邢爱娜执笔剧本，金马影帝黄渤、徐心花路放\r\n心花路放\r\n峥、袁泉联合主演。从曝光的剧情看来，影片融合了公路片和喜剧片的元素，讲述耿浩老婆移情别恋，跟耿浩闹离婚，耿浩陷入极度痛苦之中。耿浩揣着斧子去砍第三者，幸亏哥们郝义将他拉住。郝义告诉耿浩，摆脱痛苦最简单的方法，就是开始一段新感情。就这样，兄弟俩一块踏上了猎艳之旅。', '110MB', '7000007', '宁浩', '黄渤，徐峥，周冬雨，袁泉，夏雨', '内地', '2014', '与徐峥和黄渤一起踏上猎艳之旅');
INSERT INTO `video` VALUES ('62', '奔跑吧兄弟', '201503151328_13648.mp4', '20150318212734_32342.jpg', '2', 'admin', '2015-01-18 00:00:00', '“跑男团”的7位兄弟姐妹散落在全国各地，他们有的人是厨师，有的人是富二代，有的人沉迷于网络游戏，有 \r\n海报\r\n海报(5张)\r\n的人干起了电视购物……直到有一天，每个人都收到一条神秘的中奖短信，纷纷参加了豪华旅游团来到三亚。谁知这一切都是有人特意安排指使，目的就是将所有人骗到三亚实施一个大阴谋。疑点重重的三亚之旅，到底与“跑男”兄弟团有什么联系，他们能否冲破层层难关找出黑虎的后代白虎。郭京飞为何被神秘淘汰？导游伊一突然加入红队。一切答案尽在这场最爆笑、最欢乐、最刺激、最有看点的年底狂欢——《奔跑吧兄弟》大电影。', '200MB', '800', '岑俊义', 'Angelababy（杨颖），王宝强，陈赫，郑恺，李晨，王祖蓝', '内地', '2015', '跑男来袭');
INSERT INTO `video` VALUES ('63', '重返20岁', '201503151328_13648.mp4', '20150318212233_43535.jpg', '2', '1439293823', '2014-12-12 00:00:00', '坏脾气的老奶奶沈梦君（归亚蕾饰），除了前管家李大海（王德顺饰）之外，没有人喜欢她，连媳妇杨琴（李宜娟饰）也因与她同住一个屋檐下压力过大而住院，家人们毅然决然地决定送沈梦君去住养老院。沈梦君伤心之际路过照相馆，想留下最后的身影，没想到这一拍竟将沈梦君的外貌变成了20岁的年轻少女孟丽君（杨子姗饰），随之而来的奇怪际遇不但让她加入了乐团当主唱，更引发音乐总监谭子明（陈柏霖饰）与乐团吉他手项前进（鹿晗饰）的争锋吃醋，她再一次有了“恋爱的感觉”；而就在她开始尝到“再年轻一次”的甜头时，却因一场意外而面临了重大抉择，她该留在20岁的外貌继续享受人生，还是回到70岁的老奶奶面对迟暮生活？', '300MB', '300', '陈正道', '杨子姗，归亚蕾，陈柏霖，鹿晗', '韩国', '2015', '2015年陈正道执导电影');
INSERT INTO `video` VALUES ('65', '博物馆奇妙夜3', '201503151328_13648.mp4', '20150318213612_353553.jpg', '2', '1439293823', '2015-01-04 00:00:00', '担任博物馆守卫的赖瑞（本·斯蒂勒饰），这次要带着他的博物馆老 \r\n剧照\r\n剧照(5张)\r\n古董伙伴们改走国际化路线，在前两集中那块能让整个博物馆古物复活的神奇“复活黄金碑”正逐渐消失法力，赖瑞的小伙伴们即将面临再也无法复活的命运。为了抢救这块“复活黄金碑”，赖瑞与他的馆藏好友们必须踏出美国，前往伦敦大英博物馆求助法老王阿卡曼拉的父亲以解开这个谜团，并抢在黄金碑的神秘力量消逝前达成任务，但这趟冒险旅途却也意外地唤醒了更多古物。', '200MB', '10000', '肖恩·利维', '本·斯蒂勒 / 罗宾·威廉姆斯 / 丹·史蒂文斯', '美国', '2015', '踏上前往伦敦大英博物馆的旅程');
INSERT INTO `video` VALUES ('67', '一步之遥', '201503151328_13648.mp4', '20150318213912_345353.jpg', '2', 'admin', '2015-03-08 00:00:00', '中国上海，法租界，第三届环球花国大选公开赛盛大开幕。俊眉修眼，顾盼神飞，万千佳丽撩人心。环宇直播，开天辟地，花国总统首次全球民选。在大选组委会主席马走日（姜文饰）的操办下，花国大选极尽民国之风流，俘获亿万之关注。总决选上，三强名伶各显身手，伯仲难分。眼看左青龙右白虎莺啼如歌燕飞若舞，身怀大美心有大爱的完颜英（舒淇饰）最后登台绝招频出，颠倒众生。\r\n大选桂冠，花落完颜。声势浩大的第三届花国大选让马走日一举成名天下知，成为上海滩炙手可热的人物，也让他的搭档兼发小项飞田（葛优饰）声名鹊起。新一届花魁完颜英履行承诺开始了对整个城市巡游，仰慕者千万。然而事情的真相是，整个花国大选是马走日一手操纵，他和完颜英之间也是姘居多年的旧相识，完颜英的再次当选，让两人之间的关系发生了微妙的变化。', '500MB', '500', '姜文', '姜文，葛优，周韵，舒淇，王志文，文章，那英，洪晃', '内地', '2015', '充满着风云乱世的传奇色彩');
INSERT INTO `video` VALUES ('68', '亲爱的', '201503151328_13648.mp4', '20150318214223_55543.jpg', '3', 'admin', '2014-11-01 00:00:00', ' 田文军和妻子鲁晓娟婚姻破裂，儿子田鹏是二人唯一牵绊。一天，田鹏外出玩耍，一去不返。寻子路上，田文军 \r\n终极版海报\r\n终极版海报(6张)\r\n夫妇偶然结识了一群同样失去孩子的父母。大家相互扶持慰藉，从不放过一丝线索希望。多年过去，一个看似可靠的线索再次降临，促使田文军等人跋涉千里穿州过省，终在一户偏僻村落人家中，看到一个像极儿子的身影。在孩子的身后，却站着一个他喊着“妈妈”的农村妇人李红琴。丢失的挚爱能否找回？残缺的家能否真的破镜重圆？ 寻子背后，一场亲情风暴正席卷而至。', '900MB', '900', '陈可辛', '赵薇，黄渤，佟大为，郝蕾，张译', '内地', '2014', '2014年出品的一部“打拐题材”电影');
INSERT INTO `video` VALUES ('69', '北京爱情故事', '201503151328_13648.mp4', '20150318214412_544645.jpg', '3', 'admin', '2014-02-12 00:00:00', '该片由5段故事组成。北漂屌丝男陈锋在好友的告别单身派对上对白领沈彦一见钟情，随后两人开展了热恋，不料不久后两人未婚先孕，二人准备结婚但却遭到了沈彦母亲的反对，此时沈的有钱前男友洪江又再次出现了。与此同时陈锋的老板 吴峥由于出轨被老婆张蕾发现，愤怒的张蕾深夜画着浓妆走出了家门。张蕾的老板刘辉与佳玲秘密来到希腊偷情，却不料两人因为意见不合险些吵翻。刘辉的女儿阳阳发现隔壁班的男生经常跟自己搭乘同一辆车回家，意外认识后两人无话不谈，微妙的感情在两人心中产生。男孩的姥姥得了绝症，乐观的她决定给老伴找一个新的伴侣协助他走过余生，一名海归老太太走进了老两口的生活。', '300MB', '500', '陈思诚', '梁家辉，刘嘉玲，王学兵，余男，陈思诚，佟丽娅，王庆祥，斯琴高娃，刘昊然，欧阳娜娜', '内地', '2014', '北爱，讲叙5个不同的故事');
INSERT INTO `video` VALUES ('70', '触不到的恋人', '201503151328_13648.mp4', '20150318214460_654664.jpg', '3', 'admin', '2000-01-12 00:00:00', '刚搬来的星贤（李政宰饰）为自己的房屋取了一个意大利文的名字“Il Mare”，意思是“海”。整理房子的时候在信箱发现了一封内容很奇怪的信，信上写著“我是你搬来前的上一个房客，如果有收到我的信…请寄来…”而且这封信寄出的日期是在1999两年后；而星贤的时间是在1997年，星贤立刻回信给这莫名其妙的人：“我是这房屋的第一个房客，而且今年是1997年，你可能搞错了，反正我会帮你注意。还有，你是怎么知道这里叫‘Il Mare’。[3] \r\n恩澍（全智贤饰）是个配音员，她发现了回信的内容之后，她就开始常常写信到两年以前的Il Mare。 恩澍的男朋友去美国后已很少和恩澍联络，后来男友从美国回来，但却已订婚了，心碎的恩澍写信给星贤，拜托星贤到当年恩澍和男友最后见面的那一天，去改变他们的命运；星贤觉得很痛苦，因为他已爱上了恩澍。', '300MB', '1000', '李铉升', '李政宰，全智贤，崔允英，金茂生', '韩国', '2000', '穿越时空的爱恋');
INSERT INTO `video` VALUES ('71', '雏菊', '201503151328_13648.mp4', '20150318214512_564.png', '3', 'admin', '2006-12-01 00:00:00', '《雏菊》讲述了这样一个故事：国际刑警正佑（李成宰）正在执行追捕逃犯的任务，而他的心却被偶遇的画家惠瑛（全智贤）所捕获。 \r\n韩国电影《雏菊》海报\r\n韩国电影《雏菊》海报(4张)\r\n谁料被他追捕的杀手朴义（郑宇成），与他爱上了同一个女人。纠缠在三人之间的命中注定的爱情，从此开始。\r\n那年的秋天，阿姆斯特丹。弥散着火药味的灵魂，像秋日阳光般温暖的灵魂，这两个男人，在同一个女人身边出现了。\r\n画家惠瑛正在为她的个人画展忙碌着，她每天都会去广场上给人画肖像画。在这个陌生的城市里，唯一能支撑她活下去的，就是对初恋的回忆。每天的同一时间，都会有人给惠瑛送来一盆小小的雏菊。他到底是谁呢？惠瑛很好奇，却一直没有机会看到他的样子。这让惠瑛心中生出一种异样的感觉。\r\n正佑是一名国际刑警，为追捕一个杀手来到了这个城市。明明是他在追捕别人，但他却先被纯真善良的惠瑛俘获了。熙熙攘攘的广场上，正佑静静地坐着，让惠瑛给他画肖像画。两人的脸上，满是幸福的味道。\r\n然而还有一个人，一直躲在暗处，痛苦地看着惠瑛和正佑那幸福的模样。朴义是一个杀手。他一直隐瞒自己的身份，守护在惠瑛身边。他也来到广场上，让惠瑛帮他画画，然而惠瑛画到一半却无法继续。绝望的朴义发现，她画的竟是另一个男人的脸。然而这份悲伤的爱情，却不是那么容易就放弃的。故事的结尾，盛开着雏菊的画上，溅满了鲜血[3] 。', '500MB', '1008', '刘伟强', '全智贤，郑宇成，李成宰', '韩国', '2006', '《雏菊》又译名（爱无间）是2006年上映的一部电影');
INSERT INTO `video` VALUES ('72', '落叶归根', '201503151328_13648.mp4', '20150318121223_532332.jpg', '3', 'admin', '2007-05-06 00:00:00', '老赵是个五十多岁的农民，他南下到深圳打工，却因为好友刘全有死在工地上，决定展开回乡安葬刘全有之旅。老赵先把刘全有伪装成醉鬼，混上了长途车，却不幸在途中遇上劫匪。老赵誓死保护刘全有的补偿金，赢得劫匪敬重之余，还救了一车人的财物。但他因为暴露了尸体，结果反而给乘客赶了下车。老赵在路上拦车，把刘全有假装成急救病人，并遇上好心人把他们送到医院。晚上要住店，过了一夜才发现钱被偷了，老赵不禁悲从中来，但这未能动摇他的决心。要解决钱的问题，他把刘全有装成乞丐；要解决吃饭的问题，他到别人的葬礼哭丧；要掩盖尸斑，他请发廊女为刘全有化妆。\r\n落叶归根\r\n落叶归根(10张)\r\n在望之际，他遇上泥石流，却被一个老警察救了，并最终火化了刘全有，同时送老赵回到目的地，当老赵带着刘全有回到故乡时，却发现故乡已变成水库，村庄都埋在水底了，却看到了刘全有儿子留的一段字，在水库坝区移民后的废墟里，老赵又一次哭了，老警察拍拍老赵后背，说：“走吧，这离宜昌还有7小时”。', '1GB', '90', '张杨', '赵本山，宋丹丹，洪启文，郭德纲，胡军，夏雨，郭涛，廖凡，午马', '内地', '2007', '《落叶归根》，本片原名《落叶》');
INSERT INTO `video` VALUES ('82', '一路惊喜', '201503151328_13648.mp4', '20150318232306_67755.jpg', '4', 'admin', '2015-02-02 00:00:00', '影片由6个短篇故事组成一部电影。在新年的前夜，或是团聚、或是旅行，人们选择不同的方式度过这充满仪式感的时刻，而剧中的主角们却在旅程中遭遇着各种意外，有被逼婚的、有流落异乡的、也有暴发户装逼遭“雷劈”的。在一串令人爆笑的旅程意外后，人生的答案充满希望的出现在他们面前，在笑泪相伴的故事背后，却是充满真挚情感的惊喜', '1GB', '899', '金依萌', '郭采洁，萧敬腾，赵丽颖，凤小岳，夏雨，梅婷，张译，大鹏，林家栋', '内地', '2015', '从爱情、亲情、友情等不同角度');
INSERT INTO `video` VALUES ('83', '将错就错', '201503151328_13648.mp4', '20150318232334_2323.jpg', '4', 'admin', '2015-01-01 00:00:00', '来自东北的宫男（小沈阳饰）是一个在感情上屡战屡败的衰男。而来自重庆的秦招妹（田亮饰）却是个不折不扣 \r\n《将错就错》剧照\r\n《将错就错》剧照(2张)\r\n的花花公子。这两个男人因为一个不靠谱的算命先生（李成儒饰）的胡乱指点而相遇，并鬼使神差地搭伙踏上了去新加坡发财的旅途。当他们发现这是一场精心设计的骗局之后，却为时已晚，只能将错就错地开始了一段疯狂的奇遇。初到新加坡的二人急于求财，想要通过抢劫来迅速翻身，古董店里的传国玉玺成为了二人的第一个目标，两人就此展开了周密的夺宝计划。可在这个过程中，宫男遇到了他的真命天女——古董店的雇员颜琪（熊黛林饰），面对美丽善良的颜琪，宫男开始质疑自己。一起携手的二人产生了巨大分歧，突如其来的爱情意外打乱了窃宝的计划，他们的命运也随之发生了逆转。', '1GB', '88', '王宁', '小沈阳，田亮，陈小春，熊黛林，李诚儒，钟丽缇，范文芳', '内地', '2015', '2015小沈阳、田亮主演电影');
INSERT INTO `video` VALUES ('84', '单身男女2', '201503151328_13648.mp4', '20150318220912_3343.jpg', '4', 'admin', '2014-11-03 00:00:00', '地球男张申然（古天乐饰）向程子欣（高圆圆饰）求婚失败，最终不敌“火星男”方启宏（吴彦祖饰）。申然重返情场，便和“女股神”杨鸯鸯（杨千嬅 饰）展开恋情。这一次，却又遭遇劲敌“法国男”程子建（周渝民饰）。申然害怕“悲剧”重演，欲和鸯鸯速定终身。天意弄人，子欣竟是鸯鸯下属， 重新出现在申然眼前，令他方寸大乱。看似花心的申然，实则情伤不浅…… 　子建痴心鸯鸯，鸯鸯苦等申然，申然难忘子欣，子欣待嫁启宏。五个人，四段感情，最爱是谁？', '1GB', '900', '杜琪峰', '古天乐，高圆圆，周渝民，杨千嬅，吴彦祖，林雪', '香港', '2014', '地球男与火星男，女神会选择谁？');
INSERT INTO `video` VALUES ('85', '单身男女', '201503151328_13648.mp4', '20150318221023_54664.jpg', '4', 'admin', '2011-11-11 00:00:00', '为追寻爱情，苏州女孩程子欣随男友来至香港，在一家金融公司供职。谁知男友移情别恋，令子欣备受打击。偶然机缘，她结识了正处于瓶颈期的建筑师方启宏，二人互相勉励，子欣丢掉了关于前男友的一切，启宏也决定重新出发，并相约一周后给子欣看最新的设计图。\r\n　　谁知约会当晚，子欣却失约了。原来在子欣的办公室对面，另一家公司的老板张申然长久以来一直注视着她。在她失落期间，两人通过彩色贴纸交流，子欣也渐渐喜欢上了这个大男孩。子欣忘记了和启宏的约定，与申然约在某咖啡厅见面，而申然却睡在了另一个女人的床上。\r\n　　阴差阳错，让三个人的缘分暂时中断。直到三年后的一天，未了的情缘继续上演……', '1GB', '1000', '杜琪峰', '古天乐，吴彦祖，高圆圆', '香港', '2011', '看高圆圆左右为男');
INSERT INTO `video` VALUES ('87', '赌神', '201503151328_13648.mp4', '20150318221309_554456.jpg', '5', 'admin', '1989-01-01 00:00:00', '《赌神》讲述了这样一个故事：高进乃世界闻名的赌神，他接受了日本黑帮名人上山的邀请，和新加坡有赌王之称的陈金城在牌桌上决战，决战前他无意中踏入一个陷阱跌下山坡变成失忆。高进失忆后住在小流氓刀仔家 \r\n赌神剧照\r\n赌神剧照(16张)\r\n里，刀仔女友阿珍对他很是照顾。刀仔从失忆的高进的赌术中得过好处亦吃过苦头。高进堂弟高义醉酒闯进高进的女友Janet的房间，对其有非分之想却失手误杀Janet，烧毁了录音带，还派人杀害高进，幸得上山的保镖龙五救了他。在脱险时他被汽车撞伤又恢复了记忆。高进和陈金城决战的时间终于来临，他比陈技高一筹，利用陈在扑克上的记号，将计就计地战胜了陈。同时也靠烧毁的录音带的残骸揭穿了高义的丑恶面目，在龙五的帮助下，战胜了反派，替上山报了世仇，最后便和刀仔周游世界博彩去了。', '50MB', '90', '王晶', '周润发，刘德华，张敏，王祖贤，鲍汉琳', '香港', '1989', '《赌神》是1989年上映的一部香港赌片。');
INSERT INTO `video` VALUES ('90', '呖咕呖咕新年财', '201503151328_13648.mp4', '20150318221945_6644.jpg', '5', 'admin', '2002-03-03 00:00:00', '古仔与杜琪峰导演的首次合作。明星云集、轻松搞笑、气氛欢乐是这类贺岁片的特点。杜琪峰导演的调度让这种相对浅薄的类型电影也有了耐看性。在本片中的搞笑风格不同於“绝世系列”，而是类似于比本片早一年出品的《河东狮吼》，憨厚中带点笨拙，Q的可爱！', '100MB', '90', '韦家辉', '刘德华 / 古天乐 / 刘青云', '香港', '2002', '2002年由导演韦家辉执导的赌博电影。');
INSERT INTO `video` VALUES ('91', '赌圣', '201503151328_13648.mp4', '20150318222023_54645.jpg', '5', 'admin', '1990-09-03 00:00:00', '《赌圣》讲述这样一个故事：大陆青年阿星（周星驰），来港投奔达叔（吴孟达），两人在香港误打误撞，无意中卷入黑社会的赌霸争斗。事情开始时，两叔侄到赌档想捞一笔，被人发现跟踪到后巷，又要钱又要命，阿星情急之下，截住一深红色跑车，车上坐着绮梦（张敏），她天生丽质，令阿星一见钟情。绮梦表面上是香港黑社会大哥洪爷（秦沛）旗下的女杀手，其实是洪爷对头台湾帮帮主陈松派来的卧底，洪爷手下的头号杀手比利对绮梦日久生情，绮梦亦钟情比利，两人成为洪爷身边的红人。为了争夺 “世界赌王”的名誉，洪爷与陈松终于摊牌，公开争夺阿星代表出赛，因为阿星有看穿纸牌的特异功能，为此绮梦卧底的身份亦暴露。比利与绮梦各为其主，爱情触了礁。洪爷下令比利追杀绮梦，比利将绮梦囚于货仓中，谎称已将绮梦杀死，阿星牵挂绮梦，变得痴痴呆呆，无心赌赛，众人找来与绮梦有一相似特征的阿萍（吴君如），暂时慰藉阿星痴情，同时着力侦察绮梦下落。到了决赛之前，阿星对自己的作为后悔离开，众人查询他的下落。终于在开赛之前，阿星出现，关键时刻打败洪光。', '90MB', '98', '刘镇伟', '周星驰，吴孟达，张敏，吴君如', '香港', '1990', '《赌圣》是1990上映的一部电影');
INSERT INTO `video` VALUES ('93', '赌神2', '201503151328_13648.mp4', '20150318221012_645342.jpg', '5', 'admin', '1994-04-03 00:00:00', '台湾东湖帮仇笑痴野心勃勃，蓄意消灭赌神，取代赌神在赌坛屹立不倒的地位，更可借此独吞朱老先生死后所成立的“救助儿童基金”达16亿美元。仇笑痴为迫赌神重出江湖，决定亲自出马，到法国一行。同时，高进的好友龙五来到法国探望，高进带龙五到屋外的花园，而身怀六甲的温柔则独自留在家中。就在此时，仇笑痴带手下以及陈金成到访，见高进不在家中，指使手下用残酷的手段杀害了温柔和腹中的胎儿，而陈金成就帮仇笑痴得到那笔基金。高进发现了遇害的温柔及被强行取出的胎儿后十分悲痛，温柔临死时要求高进一年之内不能再赌，并不能承认自己为赌神。在龙五的劝说下，高进决定到中国大陆旅游，他对温柔的承诺还有15天就完结时身处于千赌湖。', '98MB', '90', '王晶', '周润发，吴倩莲，梁家辉，徐锦江，邱淑贞，吴兴国', '香港', '1994', '赌神2延续上集风格');
INSERT INTO `video` VALUES ('95', '星际穿越', '201503151328_13648.mp4', '20150318222912_453453.jpg', '6', 'sa', '2014-02-23 00:00:00', '在不远的未来，随着地球自然环境的恶化，人类面临着无法生存的威胁。这时科学家们在太阳系中的土星附近发现了一 \r\n官方剧照\r\n官方剧照(11张)\r\n个虫洞，通过它可以打破人类的能力限制，到更遥远外太空寻找延续生命希望的机会。一个探险小组通过这个虫洞穿越到太阳系之外，他们的目标是找到一颗适合人类移民的星球。在这艘名叫做“Endurance”的飞船上，探险队员着面临着前所未有，人类思想前所未及的巨大挑战。\r\n然而，通过虫洞的时候，他们发现飞船上的一个小时相当于地球上的七年时间，即使探险小组的任务能够完成，他们的救赎对于对地球上现在活着的人来说已经是太晚。飞行员库珀（马修·麦康纳饰演）必须在与自己的儿女重逢以及拯救人类的未来之间做出抉择。', '100MB', '987', '克里斯托弗·诺兰', '马修·麦康纳，安妮·海瑟薇', '欧洲', '2014', '第41届美国科幻恐怖电影奖');
INSERT INTO `video` VALUES ('96', '史前怪兽', '201503151328_13648.mp4', '20150318232354_2424342.jpg', '6', 'sa', '2014-01-01 00:00:00', '在某无名湖地区连日来发生多起工人被袭事件，凶手非常神秘，从遗留\r\n\r\n下来的痕迹，以及无意中拍下的一段影像看，更像是一种从未被人类发现过的怪兽。不得已之下，人们只好求救于著名的神秘生物研究专家和他的猛兽杀手，那个猎人希望简单的追踪它，把他干掉。生物学家希望找到它并保护它。最终生物学家保护起了这个史前怪兽。', '800MB', '9999', '埃里克·斯泰尔斯', '斯科特·阿金斯，杜夫·龙格尔，黄奕，李承炫', '欧洲', '2014', '黄奕、李承铉联袂出演的一部3D动作冒险电影。');
INSERT INTO `video` VALUES ('99', '僵尸世界大战', '201503151328_13648.mp4', '20150318232308_64353.jpg', '6', 'sa', '2013-06-11 00:00:00', '波士顿一个毫无征兆的宁静早晨，前联合国调查员盖瑞·雷恩（布拉德·皮特饰）驾车载着妻子凯伦（米瑞·伊 \r\n《僵尸世界大战》剧照\r\n《僵尸世界大战》剧照(7张)\r\n诺丝 饰）和两个女儿蕾切尔（阿比盖尔·哈格罗夫 饰）、康妮（斯特灵·詹玲思 饰）外出。谁知原本快乐的气氛很快变为恐慌与死亡所替代，连环的爆炸，惊恐逃散的人群，无序的车祸以及啃咬他人的丧尸，大都会波士顿转瞬沦陷。盖瑞费尽九牛二虎之力带着妻女逃生，最终逃到联合国副秘书长所在的航母上，进而得知包括美国\r\n总统在内的数名大国首脑均已死亡，丧尸病毒业已蔓延全球。为了阻止世界毁灭，盖瑞无奈受命，和来自哈佛的病毒学博士法斯巴克（伊莱耶斯·加贝尔 饰）前往病毒的源头之地寻找解除危机的办法。这是一场几乎完全没有希望且充满磨难的征程，世界命运危在旦夕。', '800MB', '82489', '马克·福斯特', '布拉德·皮特，米瑞·伊诺丝', '欧洲', '2013', '根据马克斯·布鲁克斯的同名畅销小说改编');
INSERT INTO `video` VALUES ('100', '人类清除计划', '201503151328_13648.mp4', '20150318232305_3542131.jpg', '6', 'sa', '2014-02-03 00:00:00', '2029年的美国，是一个经济复苏的时代，到处呈现着一派欣欣向荣的景象。失业率\r\n\r\n持续低于1%，人民安居乐业，犯罪率也在持续变低。可是，这一切只是美丽的肥皂泡而已。因为为了维持这么一个美好的状态，美国政府开展了一个叫做“清除”的计划。这个计划的具体实施办法是：从2029年3月21日的晚上7点到2029年3月22日的早上7点，这12个小时的时间里，一切犯罪——包括谋杀都是合法的。而在这12个小时里，紧急的火警、救护和消防等等服务也都会被关闭。所以，这十二个小时里，一切的人类活动，都只能依靠自己。', '800MB', '988', '詹姆斯·德莫纳克', '伊桑·霍克，琳娜·海蒂', '欧洲', '2014', '12小时内允许所有犯罪行为的计划');
INSERT INTO `video` VALUES ('101', '食人虫', '201503151328_13648.mp4', '20150318224223_355234.jpg', '6', 'sa', '2014-10-10 00:00:00', '未来时代，人类对于蛋白质的需求巨大，导致全\r\n电影3D食人虫剧照\r\n电影3D食人虫剧照\r\n球进入人工蛋白质飞速发展时期。一位狂热的外国基因科学家Jams在研究一种能提供大量高质量、低成本营养蛋白的“超级昆虫”。然而人类贪婪狂妄的心智导致母虫繁殖失控，无数虫子冲破试管无限繁殖，超级昆虫吞噬科学家继而进化为巨型怪物。被怪物繁殖出的无数食人虫潜入大海，至此被人类吞噬的高蛋白虫子掀起一场反噬人类的复仇大战，灾难一触即发。\r\n　　另一边，海天盛筵般的品牌发布会举办的如火如荼，型男辣妹猎艳狂欢，极度诱惑妖冶上演。后知后觉的人类并不知复仇的食人虫向他们逼近，死亡近在眼前。食人虫怪的不停繁殖，以及虫群在海底的吞噬扩张终于引发了巨大海啸。上一秒还沉浸在美酒辣妹诱惑中的人潮即刻被虫群撕咬、吞噬，酒池肉林变成血海尸丛，虫群的复仇行动席卷了整片海域，海边一片狼藉惨象。与此同时，几对冒险欲旺盛的俊男靓女从游轮上跳到母虫诞生的实验船。虫怪boss和人类的终极猎杀拉开帷幕，另一方面，踏上死亡之船的人也意识到如果不消灭食人虫怪，人类将面临灭顶之灾，一场人虫大战的血雨厮杀就此展开。', '800MB', '4001303', '严嘉', '夏梓桐 ，张梓琳，王传君，丁春诚', '内地', '2014', '杀出虫国，破幕逃亡');
INSERT INTO `video` VALUES ('102', '钢铁侠3', '201503151328_13648.mp4', '20150318225423_9999.jpg', '6', 'sa', '2013-02-09 00:00:00', '托尼·斯塔克遭遇到强敌挑战，这个人毁坏了托尼·斯塔克的生活，斯塔克为前所未有的焦虑症所困扰。与此同时，臭名昭著的恐怖头目满大人（本·金斯利 ben kingsley 饰）制造了一连串的爆炸袭击事件，托尼当年最忠诚的保镖即在最近的一次袭击中身负重伤。未过多久，托尼、佩珀以及曾与他有过一面之缘的女植物学家玛雅（丽贝卡·豪尔 rebecca hall 饰）在家中遭到猛烈的炮火袭击，几乎丧命，而这一切都与13年前那名偶然邂逅的科学家阿尔德里奇·基连（盖·皮尔斯 guy pearce 饰）及其终极生物的研究有关。', '800MB', '10000', '沙恩·布莱克', '小罗伯特·唐尼，格温妮丝·帕特洛，唐·钱德尔，盖·皮尔斯', '欧洲', '2013', '2013年上映的超级英雄电影');
INSERT INTO `video` VALUES ('104', '盗梦空间', '201503151328_13648.mp4', '20150318224923_63523.jpg', '6', 'sa', '2010-09-01 00:00:00', '多姆·柯布（莱昂纳多·迪卡普里奥饰演）是一位经验老道的窃贼，他在这一行中算得上是最厉害的，因为他能够潜入人们精神最为脆弱的梦境中，窃取潜意识中有价值的秘密。柯布这一罕见的技能使他成为危险的企业间谍活动中最令人垂涎的对象，但这也让他成为了一名国际逃犯，失去自己的所爱。\r\n如今柯布有了一个赎罪的机会，只要完成最后一项任务他的生活就会回复本来面目。与以往不同的是，柯布和他的团队这一次的任务不是窃取思想，而是植入思想。如果他们成功，这就是一次完美犯罪。但是即使提前做好了细致专业的安排，也无法预料到危险的敌人对他们的行动早已了如指掌，而只有柯布能够预料到敌人的行踪。', '90MB', '3020041', '克里斯托弗·诺兰', '莱昂纳多·迪卡普里奥，玛丽昂·歌迪亚，渡边谦，约瑟夫·高登-莱维特，艾伦·佩姬', '欧洲', '2010', '游走于梦境与现实之间');
INSERT INTO `video` VALUES ('105', '黄飞鸿之英雄有梦', '201503151328_13648.mp4', '20150318225223_52342.jpg', '7', 'sa', '2014-11-11 00:00:00', '1868年的清末，朝廷腐败让人民生活备受煎熬。在广州，黑虎帮和北海帮子两大恶势力横行于黄埔港，以暴力威胁统治在港口的穷苦人民，让他们生活在水深火热之中。在外界看来，黄埔港是个繁荣并充满机会地方，但深入其中，会发现这里其实是人间炼狱。[4] \r\n黑虎帮的老板雷公（洪金宝饰）因一个新兵手下阿飞（彭于晏饰），以过人身手及胆识直取北海帮子首领的头脑，而让黑虎帮独霸一方，不但靠鸦片赚进大笔银两，更进行着卑鄙的贩卖人口勾当，雷公更视阿飞如己出。其实，阿飞背后另有故事，心中更另有计划。阿飞和肝胆相照的朋友们设了陷阱，救出穷苦的人们，更公开与雷公进行生死决斗。\r\n黄埔港终于恢复了和平，也诞生了真正的英雄，这是黄飞鸿故事的开始。', '90MB', '20000', '周显扬', '彭于晏，洪金宝，王珞丹，井柏然，王祖蓝，张晋', '台湾', '2014', '这是黄飞鸿故事的开始');
INSERT INTO `video` VALUES ('106', '熊出没之夺宝熊兵', '201503151328_13648.mp4', '20150318225434_763452.jpg', '10', 'sa', '2014-01-07 00:00:00', '光头强变身超级奶爸，熊大、熊二一起照顾一个意外来到森林的小女孩，而那个小女孩的名字叫“嘟嘟”，并和绑架小女孩的反派做斗争，将小女孩送回父母身边的同时，揭开了毁灭森林的大阴谋，拯救了家园。', '10MB', '900', '丁亮', '熊大，熊二，光头强，嘟嘟，吉吉，毛毛', '台湾', '2014', '熊出没第一部贺岁电影');
INSERT INTO `video` VALUES ('107', '天空之城', '201503151328_13648.mp4', '20150318230023_353.png', '10', 'sa', '2014-03-03 00:00:00', '小姑娘希达（SHEETA）是传说中“天空之城拉普达（Laputa）”王族的后裔，那曾是超越地上文明不知几千年的空中文明，但不知为何，希达的祖先离开“天空之城”，抛弃发达的科技，在地面上过起隐居的生活。然而一天，几个不明身份的男子出现在她家门口。\r\n故事由希达所坐的军队飞行船遭到空中海盗的袭击而开始。争斗中希达从万米高空的飞行船上跌落下来…… 故事另外一个主人公少年巴斯（PASU）是矿工机师的徒弟，这一天收工时，发现天上有个亮晶晶的东西正在慢慢地下落。是什么？UFO？他飞也似的跑过去，发现是一个好可爱的女孩子，在一团蓝光的包围下从天上飘下来了……', '90MB', '908', '宫崎骏', '田中真弓，横泽启子，初井言荣，寺田农', '日本', '2014', '日本吉卜力工作室制作的动画电影');
INSERT INTO `video` VALUES ('108', '深夜前的五分钟', '201503151328_13648.mp4', '20150318232323_523.jpg', '9', 'sa', '2014-01-01 00:00:00', '阿良（三浦春马饰）是一家复古钟表店的修表匠，喜欢游泳的阿良在游泳馆结识了神 \r\n深夜前的五分钟\r\n深夜前的五分钟(17张)\r\n秘忧郁的专栏作家若蓝（刘诗诗饰），阿良深深为其着迷。若蓝有一个双胞胎妹妹如玫（刘诗诗饰）[8] ，与若蓝截然相反，如玫是一个活泼开朗的大明星，还有一个温柔的高富帅未婚夫天伦（张孝全饰），是一个出色的电影导演。阿良、天伦、若蓝、如玫迅速组成了四人约会团体，若蓝姐妹经常玩互换身份的游戏享受双倍的人生，然而表面的和平之下，阿良逐渐察觉到若蓝和如玫姐妹之间看似亲密的疏离。如玫婚礼前，两姐妹决定去毛里求斯进行最后的单身旅行，结果遭遇海难，只有一人幸存下来，她是若蓝还是如玫？三个人卷入一场扑朔迷离的情感纠葛。', '90MB', '987', '行定勋', '刘诗诗，三浦春马，张孝全', '日本', '2014', '刘诗诗主演悬疑推理爱情电影');
INSERT INTO `video` VALUES ('109', '等一个人咖啡', '201503151328_13648.mp4', '20150318232108_3646324.jpg', '18', 'sa', '2014-01-04 00:00:00', '小说的主人公李思萤上小学时因上课小便失禁被嗤笑的抬不起头。直到有一天突然莫名其妙的发现自己不再被人讥笑了，她才步入正常人的生活。李思萤上高三后，在等一个人咖啡店打工。她心思敏捷，在细致地观察着来咖啡店喝咖啡的每一个人， 她先是被已有女友的翩翩君子交通大学大学生杨泽于的仪表堂堂和绅士风度所深深的吸引，杨泽于属于与女友喝咖啡只点和女友一样的咖啡，而自己独饮就点“肯亚咖啡”的那种，由此带有神秘咖啡喝法的杨泽于因此给李思萤播下了“暗恋”的种子。在这个时候，一个叫“阿拓”的人出 \r\n等一个人咖啡\r\n等一个人咖啡(4张)\r\n现 在等一个人咖啡店。', '80MB', '9870', '江金霖', '周慧敏，宋芸桦，布鲁斯，张立昂，赖雅妍，蓝心湄，李罗', '台湾', '2014', '新锐导演江金霖的首部剧情长片');
INSERT INTO `video` VALUES ('110', '那些年我们一起追过的女孩', '201503151328_13648.mp4', '20150318231234_2313.jpeg', '4', 'sa', '2011-12-01 00:00:00', '柯景腾（柯震东饰）的一群好友：爱耍帅却老是情场失意的老曹（庄濠全饰），停止不了勃起所以叫勃起的勃起（鄢胜宇饰），想用搞笑致胜却总是失败的该边（蔡昌宪饰），胖界的夺爱高手阿和（郝劭文饰），为了共同喜欢的女孩——沈佳宜（陈妍希饰），不约而同从精诚中学国中部直升到高中部，一路都在进行他们从未完成的恋爱大作战。\r\n某天柯景腾因过度恶作剧被导师处罚，坐到好学生沈佳宜前面，由她代为监视，在沈佳宜的监督和鼓励下，柯景腾的成绩就像芝麻开花节节高，渐渐地，他也喜欢上了气质优雅的沈佳宜。但是柯景腾却不敢向心爱的女生表白，因为几乎被所有男生喜欢的沈佳宜对追求她的男生一律有一种反感，她只想好好学习，不希望别人介入自己的生活。从没努力用功过的柯景腾，对她展开了不言而喻的追求。他陪着沈佳宜晚上留校，两人一起读书，一起进步，也彼此竞争。大学发榜，沈佳宜严重失常，没能与柯景腾一起念约定好的科系，却也在离乡背井前夕，从柯景腾的礼物，知道了他对自己的心意。', '100MB', '1000', '九把刀', '柯震东，陈妍希，敖犬，郝劭文，蔡昌宪，弯弯', '台湾', '2011', '讲述了柯景腾和沈佳宜之间令人唏嘘的爱情故事');
INSERT INTO `video` VALUES ('111', '魔境仙踪', '201503151328_13648.mp4', '20150318231433_3252.jpg', '19', 'sa', '2009-02-02 00:00:00', '《魔境仙踪》是童话《绿野仙踪》（Wizard of Oz）的前传，讲述了一个卖蛇油的打扮成魔法师走街串巷推销 \r\n海报\r\n海报(4张)\r\n他的产品，他和一个女人偷情，结果被这个女人的丈夫发现，不得已坐上了热气球。他来到了奥兹国，成为“奥兹国的魔法师”。他还爱上了“北方好女巫”格林达（Glinda），并和她一起对抗“东方坏女巫”伊瓦诺拉（Evanora）和“西方坏女巫”西奥多拉（Theodora）。西奥多拉本来也是好女巫，但被奥兹甩了以后，真正的坏女巫伊瓦诺拉说服了她变坏，并让其帮助自己统治整个奥兹国。', '900MB', '9000', '山姆·雷米', '詹姆斯·弗兰科，米拉·库妮丝，米歇尔·威廉姆斯', '欧洲', '2009', '《魔境仙踪》（Oz The Great and Powerful）');
INSERT INTO `video` VALUES ('112', '南京南京', '201503151328_13648.mp4', '20150318232343_4635.jpg', '21', 'sa', '2010-02-23 00:00:00', '1937年12月13日，侵华日军攻陷时为国民政府首都的南京，部分官员弃城逃亡。但仍有许多官兵留守，誓死保卫这个大厦将倾的城池。宋希濂部军官陆剑雄（刘烨饰）协同战友与日军展开了激烈的巷战，他们微弱而顽强的抵抗最终被压制，数以万计的中国军民成为俘虏，在枪炮声中血染长江。\r\n在抵抗最终失败之后，数十万中国军民遭到残忍杀戮，南京全城沦为一片死地。唯一尚有生机存留的，就是位于金陵女子学院的“安全区\"。大量的难民涌到这里寻求救助。南京安全区国际委员会主席拉贝、归国女教师姜淑 \r\n南京!南京! 海报\r\n南京!南京! 海报(12张)\r\n云（高圆圆饰）、金陵女子学院魏特琳女士，积极营救中国难民，用他们的勇敢和坚毅与日本人周旋，但兽性大发的日军早已虎视眈眈盯上了藏身于此的中国妇女。', '100MB', '8008', '陆川', '刘烨，高圆圆，范伟，秦岚，木幡龙，江一燕', '内地', '2010', '南京大屠杀期间的经历');
INSERT INTO `video` VALUES ('113', '四大名捕3', '201503151328_13648.mp4', '20150318234155_435.jpg', '14', 'sa', '2014-01-30 00:00:00', '承接《四大名捕2》，无情离开后，冷血为追查捕神死因回到六扇门，“四大名捕”分崩离析，名存实亡。此时，皇宫却出大乱，不愿被困皇宫的宋徽宗执意微服出访，却遭刺杀，而后皇帝失踪。作为帝王的皇帝自认为自己是个明君，但却有点高傲自大，当自己遭遇软禁，皇位受到要挟之时，碍于内乱的逼迫不得不投身神侯府以寻求支援，围绕帝王展开的阴谋一点点浮出水面，各种力量之间的对抗也给神侯府带来了不小的麻烦。[4] 冷血、铁手、追命联手追查，无情冷眼旁观、伺机复仇，一个潜藏已久的惊天阴谋即将彻底浮现，武功盖世的幕后黑手也行将出手，“四大名捕”将迎来生死之决、终极一战。', '200MB', '988', '秦小珍', '邓超，刘亦菲，苏有朋，郑中基，邹兆龙，江一燕，黄秋生，柳岩', '内地', '2014', '《四大名捕》系列三部曲的大结局篇');
INSERT INTO `video` VALUES ('114', '封门诡影', '201503151328_13648.mp4', '20150318232354_534.png', '13', 'sa', '2008-01-31 00:00:00', '一段寻找终极之门的视频影像，促使张扬（小张铎饰演）带领准嫂子笑笑前往封门村寻找神秘失踪的哥哥张默，途中遇到驴友文凯、小彤搭车，四人结伴同行夜宿山头破庙，结识迷路的栏目主持人于曼（葛天饰演）和摄像师老杜，一行六人步步惊魂探秘封门村，棺材自动开合、照片没有眼睛等灵异事件接踵而至，大家的行迹和神态越来越诡异，直至预兆死亡的“三道抓痕”陆续出现在每一个人身上，眼看着身边同伴一个个凶残暴毙离奇消失，张扬魂飞魄散驱车逃命，窗外突然出现一张幽怨鬼脸，方向盘自行旋转起来。。。', '300MB', '988', '王孟圆', '葛天 ，隋咏良，小张铎，杜语庭 ，钱思曈，刘滢，屠育玮', '欧洲', '2008', '那段视频影像从何而来？');
INSERT INTO `video` VALUES ('115', '校花诡异事件', '201503151328_13648.mp4', '20150318234523_353.jpg', '8', 'sa', '2012-02-28 00:00:00', '华西学院的苏苏（赵奕欢饰）是一个校花，一天，她行走在校园小径上，看到一个穿着校服的女生走在前面，苏苏追上问路的时候，发现这位女生竟然是一位面容诡异的老妪。\r\n《校花诡异事件》电影剧照\r\n《校花诡异事件》电影剧照(6张)\r\n此后，苏苏遇到的灵异事件更是层出不穷，尤其是当苏苏有一次旅游遇到山洪封山，不得不住进一家地图上没有的神秘旅店之后。\r\n层出不穷的诡异事件无时无刻不在折磨着苏苏脆弱的神经，可除了摄影师林枫外，根本没有人相信苏苏眼睛里看到的东西。[3] \r\n苏苏经历的这些灵异事件真的是在我们熟悉的这个时空中发生的吗?神秘莫测的结局又揭示出女主角遗忘了一段什么样的经历呢？', '400MB', '1000', '关尔', '赵奕欢，李曼铱，翟文斌，孔千千，陈美行，李飒', '内地', '2012', '国内首部校园题材恐怖片');
INSERT INTO `video` VALUES ('117', '名侦探狄仁杰', '201503151328_13648.mp4', '20150318234556_3625.jpg', '12', 'sa', '2015-03-04 00:00:00', '该剧讲述了狄仁杰（小爱饰）在大唐名侦探大赛上崭露头角，却不料第一名被人抢走。紧接着又被渴望与他结伙办案的白元芳（白客饰）纠缠。机缘巧合下，两人组成“狄白”组合，专破奇案怪案以赚钱糊口。然而，正当他们逐渐走上正轨时，狄仁杰发现一个巨大的阴谋缠上了自己。', '209MB', '2001', '至尊玉', '小爱，白客，张本煜，柯达，乔若熙，葛布', '内地', '2015', '2015年出品的一部古装推理喜剧');
INSERT INTO `video` VALUES ('118', '十二生肖', '201503151328_13648.mp4', '20150318232334_365234.jpg', '11', 'sa', '2012-12-12 00:00:00', '当年英法联军火烧圆明园，致使大批珍贵文物流落 \r\n电影剧照\r\n电影剧照(11张)\r\n海外，其中四尊十二生肖兽首最引人关注，不仅惹出国内外的广泛争论，更有收藏家开出天价竞拍这几尊珍品。当然，其间不乏奸邪的文物贩子，试图通过偷盗的手段获取宝贝。以此为契机，正在度假的国际大盗JC（成龙饰）隆重登场。\r\nJC背后有一支Simon（权相宇饰）、David（廖凡饰）、Bonnie（张蓝心饰）等人共同组成的超专业团队，他们一同远赴巴黎，寻求国宝鉴定专家Coco（姚星彤饰）的帮助。经过周密细致的准备，JC等人一步步逼近重兵把守的兽首，而围绕珍宝不可避免爆发连番惊险火爆的打斗与追逐。在这一过程中，JC似曾被利益和金钱泯灭的爱国之心渐渐苏醒。', '908MB', '988', '成龙', '成龙，姚星彤，廖凡，张蓝心，权相佑', '台湾', '2012', '一部动作冒险类电影');
INSERT INTO `video` VALUES ('119', '移动迷宫', '201503151328_13648.mp4', '20150318234512_6325.jpg', '9', 'sa', '2013-03-03 00:00:00', '一个叫托马斯（迪伦·奥布莱恩饰）的男孩在电梯中醒来，他发现自己失忆了，除了名字什么都记不得。当电梯打开，他来到了一个陌生的地方“林间空地”（The Glade）。这里四周被高大的石头墙包围着，墙外有一群巨大的怪兽威胁着墙内人们的生命。墙内住着50位男孩，他们都被困在了绵延不绝的迷宫森林当中。一天，电梯为他们送来了一个女孩特雷莎（卡雅·斯考达里奥饰），她是来到“林间空地”的第一个女孩。此后，迷宫逐渐开始发生变化，一切都陷入了混乱中，托马斯和特雷莎决定一起走上破解迷宫之路，找出迷宫背后令人不寒而栗的秘密。', '900MB', '877', '韦斯·波尔', '迪伦·奥布莱恩，卡雅·斯考达里奥，托马斯·桑斯特，威尔·保尔特，李基弘', '日本', '2013', '2013年出品的科幻悬疑片');
INSERT INTO `video` VALUES ('121', '沉睡魔咒', '201503151328_13648.mp4', '20150318234134_8876.jpg', '15', 'sa', '2006-08-09 00:00:00', '玛琳菲森（安吉丽娜·朱莉饰）是一个美丽纯洁，拥有翅膀能够飞翔的年轻仙子，生长于宁静祥和的森林王国。然而美好的时光总是短暂的，王国突遭人类军队侵袭，玛琳菲森在战斗中逐渐成长为这片森林的守护者，同时也遭受到了无情背叛，从此她的心灵开始变得冷酷，脑海只剩复仇的念头。为了报复，她给人类国王的女儿爱洛公主施下恶咒；然而随着爱洛的成长，玛琳菲森才逐渐意识到——这位小公主不仅能给两个世界带来和平，也许还能给自己带来真正的快乐。', '897MB', '655', '罗伯特·斯托姆伯格', '艾丽·范宁，安吉丽娜·朱莉，沙尔托·科普雷，萨姆·赖利，布兰顿·思怀兹，朱诺·坦普尔', '欧洲', '2006', '电影改编自1959年迪士尼老牌动画《睡美人》');
INSERT INTO `video` VALUES ('125', '告白', '201503151328_13648.mp4', '20150318234512_3265.jpeg', '16', 'admin', '2014-02-02 00:00:00', '日本电影《告白》改编自凑佳苗的同名处女作小说，该片讲述了一个4岁女儿被杀害后，松隆子饰演的女主角为复仇进入某所学习园地担任教师，在她班上37名学生中寻找凶手的推理故事。故事内容的基调虽然阴沉，但体现了现代社会中存在的各种各样的问题，电影的结尾更是让人震惊。导演与编剧：中岛哲也，监制： 石田雄治。主演：松隆子饰演森口悠子，木村佳乃饰演下村优子，冈田将生饰演寺田良辉。发行公司：Toho International Company Inc.，2010年6月在日本上映。电影《告白》获第83届奥斯卡最佳外语片奖提名。', '897MB', '7481', '中岛哲也', '松隆子 冈田将生 木村佳乃', '日本', '2014', '故事涉及校园欺凌、未成年人杀害儿童');
INSERT INTO `video` VALUES ('126', '狄仁杰之通天帝国', '201503151328_13648.mp4', '20150318231145_35234.jpg', '17', '1439293823', '2011-12-12 00:00:00', '公元690年，经过八年苦心经营，武则天（刘嘉玲饰）即将正式登基，成为 \r\n狄仁杰之通天帝国海报\r\n狄仁杰之通天帝国海报(21张)\r\n中国历史上第一位女皇帝。当时的中国，是世界上幅员最大人口最多的国家。仅仅唐朝神都洛阳一地，人口就将近百万。疆域西达葱岭，北达蒙古，南至越南。\r\n随着高达六十六丈，象征至高皇权的\"通天浮屠\"渐近完工，武则天的登基大典也已就绪。世人皆知\"浮屠落成之日，女皇登基之时\"。不料，匪夷所思的命案竟接连在神都洛阳发生。死者无故自燃，都在胸腹间起火，延及全身，宛若炮烙般被烧成灰烬，未烧尽的部分也焦黑如残枝废炭。更让武则天心惊的是，受害者几乎都是她亲政之后提拔的亲信。\r\n显然，凶手是在挑战她的权威。武则天深知只有找出凶手，才能安定人心，自己登基后的地位才能稳固。武则天急于揪出凶手，但她的敌人实在太多，多到难辨敌我。', '987MB', '71249', '徐克', '刘德华，李冰冰，邓超，刘嘉玲，梁家辉，泰迪罗宾', '内地', '2011', '影片入围第67届威尼斯国际电影节主竞赛单元');
INSERT INTO `video` VALUES ('127', '老男孩之猛龙过江', '201503151328_13648.mp4', '20140324141334_376.jpg', '20', '1439293823', '2014-12-03 00:00:00', '两个怀揣梦想的大叔孤注一掷跨国寻 \r\n剧照\r\n剧照(12张)\r\n梦的冒险历程，片中郁郁不得志的“筷子兄弟”将迎来事业的“第二春”，在大洋彼岸上演了一系列的爆笑励志闹剧。肖大宝靠在浴场唱歌来维持生计，生活带给他太多无奈，梦想在肖大宝眼里只是回忆时的牛逼，而另一边王小帅，作为上门女婿，在家人和邻里眼中是“软饭男”，连同睡一床的老婆也不理解他，多次劝他放弃梦想回归现实生活。\r\n终于在一次神秘的机缘下，New York给两位屌丝抛来了橄榄枝，面对窘迫生活对梦想孤注一掷的“老男孩”终于要为梦想启程。这对“活宝组合”将重拾信心又聚在了一起，决定前往美国勇闯选秀节目。两兄弟千辛万苦来到纽约，却阴差阳错卷入了黑帮斗争事件。', '67MB', '7999', '肖央', '肖央，王太利，屈菁菁，曲婉婷，郝凯瑞', '内地', '2014', '老男孩电影版');

-- ----------------------------
-- Table structure for videoclass
-- ----------------------------
DROP TABLE IF EXISTS `videoclass`;
CREATE TABLE `videoclass` (
  `classid` int(11) NOT NULL auto_increment,
  `classname` varchar(20) NOT NULL,
  PRIMARY KEY  (`classid`)
) ENGINE=InnoDB DEFAULT CHARSET=utf8;

-- ----------------------------
-- Records of videoclass
-- ----------------------------
INSERT INTO `videoclass` VALUES ('1', '动作');
INSERT INTO `videoclass` VALUES ('2', '喜剧');
INSERT INTO `videoclass` VALUES ('3', '文艺');
INSERT INTO `videoclass` VALUES ('4', '爱情');
INSERT INTO `videoclass` VALUES ('5', '赌博');
INSERT INTO `videoclass` VALUES ('6', '科幻');
INSERT INTO `videoclass` VALUES ('7', '古装');
INSERT INTO `videoclass` VALUES ('8', '恐怖');
INSERT INTO `videoclass` VALUES ('9', '悬疑');
INSERT INTO `videoclass` VALUES ('10', '动画');
INSERT INTO `videoclass` VALUES ('11', '冒险');
INSERT INTO `videoclass` VALUES ('12', '推理');
INSERT INTO `videoclass` VALUES ('13', '惊悚');
INSERT INTO `videoclass` VALUES ('14', '武侠');
INSERT INTO `videoclass` VALUES ('15', '奇幻');
INSERT INTO `videoclass` VALUES ('16', '伦理');
INSERT INTO `videoclass` VALUES ('17', '历史');
INSERT INTO `videoclass` VALUES ('18', '剧情');
INSERT INTO `videoclass` VALUES ('19', '家庭');
INSERT INTO `videoclass` VALUES ('20', '音乐');
INSERT INTO `videoclass` VALUES ('21', '记录');

-- ----------------------------
-- Table structure for videonote
-- ----------------------------
DROP TABLE IF EXISTS `videonote`;
CREATE TABLE `videonote` (
  `noteid` int(11) NOT NULL auto_increment,
  `username` varchar(18) default NULL,
  `videoid` int(11) default NULL,
  `notedate` datetime default NULL,
  PRIMARY KEY  (`noteid`)
) ENGINE=InnoDB DEFAULT CHARSET=utf8;

-- ----------------------------
-- Records of videonote
-- ----------------------------
INSERT INTO `videonote` VALUES ('3', '1439293823', '2', '2015-03-08 00:00:00');
INSERT INTO `videonote` VALUES ('5', '1439293823', '4', '2015-03-02 00:00:00');
INSERT INTO `videonote` VALUES ('6', '1439293823', '7', '2014-12-31 00:00:00');
INSERT INTO `videonote` VALUES ('8', '1439293823', '9', '2014-12-01 00:00:00');
INSERT INTO `videonote` VALUES ('9', '1439293823', '10', '2001-01-05 00:00:00');
INSERT INTO `videonote` VALUES ('11', '1439293823', '16', '2013-11-21 00:00:00');
INSERT INTO `videonote` VALUES ('13', '1439293823', '20', '2014-12-20 00:00:00');
INSERT INTO `videonote` VALUES ('14', '1439293823', '23', '2015-03-09 00:00:00');
INSERT INTO `videonote` VALUES ('16', '1439293823', '25', '2001-01-05 00:00:00');
INSERT INTO `videonote` VALUES ('17', '1439293823', '26', '2005-03-02 00:00:00');
INSERT INTO `videonote` VALUES ('19', '1439293823', '28', '2012-02-24 00:00:00');
INSERT INTO `videonote` VALUES ('20', '1439293823', '29', '2014-12-20 00:00:00');
INSERT INTO `videonote` VALUES ('22', '1439293823', '31', '2015-02-23 00:00:00');
INSERT INTO `videonote` VALUES ('23', 'hezhao', '34', '2015-03-15 21:39:37');
INSERT INTO `videonote` VALUES ('24', 'hezhao', '35', '2011-01-01 00:00:00');
INSERT INTO `videonote` VALUES ('25', 'hezhao', '36', '2015-03-16 15:04:09');
INSERT INTO `videonote` VALUES ('26', 'hezhao', '3', '2015-03-15 21:39:30');
INSERT INTO `videonote` VALUES ('27', 'hezhao', '46', '2011-01-01 00:00:00');
INSERT INTO `videonote` VALUES ('28', 'hezhao', '47', '2011-01-01 00:00:00');
INSERT INTO `videonote` VALUES ('29', 'hezhao', '48', '2011-01-01 00:00:00');
INSERT INTO `videonote` VALUES ('44', 'admin', '46', '2015-03-15 22:02:21');
INSERT INTO `videonote` VALUES ('56', 'admin', '42', '2015-03-17 23:34:59');
INSERT INTO `videonote` VALUES ('57', 'admin', '9', '2015-03-18 02:44:40');
INSERT INTO `videonote` VALUES ('58', 'admin', '2', '2015-03-18 19:55:15');
INSERT INTO `videonote` VALUES ('59', 'admin', '40', '2015-03-18 19:38:20');
INSERT INTO `videonote` VALUES ('60', 'admin', '25', '2015-03-18 20:04:06');
INSERT INTO `videonote` VALUES ('61', 'admin', '31', '2015-03-18 20:03:18');
INSERT INTO `videonote` VALUES ('62', 'hezhao', '40', '2015-03-15 23:07:14');
INSERT INTO `videonote` VALUES ('63', 'hezhao', '42', '2015-03-15 21:43:38');
INSERT INTO `videonote` VALUES ('64', 'admin', '3', '2015-03-16 18:41:52');
INSERT INTO `videonote` VALUES ('65', 'admin', '24', '2015-03-16 19:32:12');
INSERT INTO `videonote` VALUES ('66', 'admin', '10', '2015-03-18 02:50:35');
INSERT INTO `videonote` VALUES ('67', 'admin', '26', '2015-03-15 21:51:27');
INSERT INTO `videonote` VALUES ('68', 'hezhao', '20', '2015-03-16 15:05:12');
INSERT INTO `videonote` VALUES ('69', 'hezhao', '2', '2015-03-16 15:23:35');
INSERT INTO `videonote` VALUES ('70', 'hezhao', '24', '2015-03-16 15:30:53');
INSERT INTO `videonote` VALUES ('71', 'hezhao', '10', '2015-03-16 15:31:00');
INSERT INTO `videonote` VALUES ('72', 'admin', '20', '2015-03-18 03:05:12');
INSERT INTO `videonote` VALUES ('73', 'xiaoqiang', '25', '2015-03-16 16:48:32');
INSERT INTO `videonote` VALUES ('74', 'admin', '35', '2015-03-16 18:00:36');
INSERT INTO `videonote` VALUES ('75', 'admin', '7', '2015-03-19 23:25:04');
INSERT INTO `videonote` VALUES ('76', 'admin', '28', '2015-03-18 20:03:55');
INSERT INTO `videonote` VALUES ('77', 'admin', '23', '2015-03-16 19:32:33');
INSERT INTO `videonote` VALUES ('78', 'admin', '4', '2015-03-18 00:05:32');
INSERT INTO `videonote` VALUES ('80', 'admin', '16', '2015-03-18 03:04:44');
INSERT INTO `videonote` VALUES ('81', 'admin', '48', '2015-03-18 18:23:32');
INSERT INTO `videonote` VALUES ('84', 'admin', '30', '2015-03-18 18:37:07');
INSERT INTO `videonote` VALUES ('85', 'admin', '50', '2015-03-18 02:44:37');
INSERT INTO `videonote` VALUES ('87', 'admin', '60', '2015-03-17 23:34:50');
INSERT INTO `videonote` VALUES ('88', 'admin', '54', '2015-03-17 23:34:56');
INSERT INTO `videonote` VALUES ('89', 'admin', '8', '2015-03-18 00:05:34');
INSERT INTO `videonote` VALUES ('92', 'admin', '13', '2015-03-18 20:02:51');
INSERT INTO `videonote` VALUES ('93', 'admin', '36', '2015-03-18 19:56:21');
INSERT INTO `videonote` VALUES ('94', 'admin', '49', '2016-09-08 00:46:05');
INSERT INTO `videonote` VALUES ('95', 'admin', '57', '2015-03-18 20:03:32');
INSERT INTO `videonote` VALUES ('96', 'admin', '29', '2016-09-08 00:45:06');
INSERT INTO `videonote` VALUES ('97', 'admin', '121', '2015-03-19 00:17:35');
INSERT INTO `videonote` VALUES ('98', 'jbit', '101', '2015-03-19 23:30:10');
INSERT INTO `videonote` VALUES ('99', 'admin', '117', '2016-09-08 01:19:29');
